Last Name,First Name,Date of Birth (YYYY / MM / DD),Zip Code,Address 1 Prefecture,Address 2 City,Address 3 Building,Phone number,Email address,Email address (for confirmation)
TAN,YUE,2000/04/03,1340085,東京都江戸川区南葛西,2-7-1,201室VTBG,8108046308466,virendershebag79031@gmail.com,virendershebag79031@gmail.com
TAN,YUE,2000/04/03,1340085,東京都江戸川区南葛西,2-7-1,201室CFNG,8108058443177,justrintrodoplay79921@gmail.com,justrintrodoplay79921@gmail.com
TAN,YUE,2000/04/03,1340085,東京都江戸川区南葛西,2-7-1,201室OQIC,8108027266253,kartinakaifact68921@gmail.com,kartinakaifact68921@gmail.com
TAN,YUE,2000/04/03,1340085,東京都江戸川区南葛西,2-7-1,201室FMDJ,8108090589897,ladithmalinga727519@gmail.com,ladithmalinga727519@gmail.com
TAN,YUE,2000/04/03,1340085,東京都江戸川区南葛西,2-7-1,201室HXBE,8108026878897,karishmakapor79021iqjwj@gmail.com,karishmakapor79021iqjwj@gmail.com
TAN,YUE,2000/04/03,1340085,東京都江戸川区南葛西,2-7-1,201室NVFW,8108075693276,shardulathakur68921@gmail.com,shardulathakur68921@gmail.com
TAN,YUE,2000/04/03,1340085,東京都江戸川区南葛西,2-7-1,201室CDDR,8108033332213,nelsonsmendela79021@gmail.com,nelsonsmendela79021@gmail.com
TAN,YUE,2000/04/03,1340085,東京都江戸川区南葛西,2-7-1,201室SFPO,8108055127997,akhiladhanjyasri78932@gmail.com,akhiladhanjyasri78932@gmail.com
TAN,YUE,2000/04/03,1340085,東京都江戸川区南葛西,2-7-1,201室NUHP,8108021204755,taigershorpactor68921@gmail.com,taigershorpactor68921@gmail.com
TAN,YUE,2000/04/03,1340085,東京都江戸川区南葛西,2-7-1,201室FJBZ,8108059624894,quintoondecokk27519@gmail.com,quintoondecokk27519@gmail.com
TAN,YUE,2000/04/03,1340085,東京都江戸川区南葛西,2-7-1,201室OJNG,8108072242678,EleanorScherrer19614@gmail.com,EleanorScherrer19614@gmail.com
TAN,YUE,2000/04/03,1340085,東京都江戸川区南葛西,2-7-1,201室VTBG,8108046308466,virendershebag79031@gmail.com,virendershebag79031@gmail.com
TAN,YUE,2000/04/03,1340085,東京都江戸川区南葛西,2-7-1,201室CFNG,8108058443177,justrintrodoplay79921@gmail.com,justrintrodoplay79921@gmail.com
TAN,YUE,2000/04/03,1340085,東京都江戸川区南葛西,2-7-1,201室OQIC,8108027266253,kartinakaifact68921@gmail.com,kartinakaifact68921@gmail.com
TAN,YUE,2000/04/03,1340085,東京都江戸川区南葛西,2-7-1,201室FMDJ,8108090589897,ladithmalinga727519@gmail.com,ladithmalinga727519@gmail.com
TAN,YUE,2000/04/03,1340085,東京都江戸川区南葛西,2-7-1,201室HXBE,8108026878897,karishmakapor79021iqjwj@gmail.com,karishmakapor79021iqjwj@gmail.com
TAN,YUE,2000/04/03,1340085,東京都江戸川区南葛西,2-7-1,201室NVFW,8108075693276,shardulathakur68921@gmail.com,shardulathakur68921@gmail.com
TAN,YUE,2000/04/03,1340085,東京都江戸川区南葛西,2-7-1,201室CDDR,8108033332213,nelsonsmendela79021@gmail.com,nelsonsmendela79021@gmail.com
TAN,YUE,2000/04/03,1340085,東京都江戸川区南葛西,2-7-1,201室SFPO,8108055127997,akhiladhanjyasri78932@gmail.com,akhiladhanjyasri78932@gmail.com
TAN,YUE,2000/04/03,1340085,東京都江戸川区南葛西,2-7-1,201室NUHP,8108021204755,taigershorpactor68921@gmail.com,taigershorpactor68921@gmail.com
TAN,YUE,2000/04/03,1340085,東京都江戸川区南葛西,2-7-1,201室FJBZ,8108059624894,quintoondecokk27519@gmail.com,quintoondecokk27519@gmail.com
TAN,YUE,2000/04/03,1340085,東京都江戸川区南葛西,2-7-1,201室OJNG,8108072242678,EleanorScherrer19614@gmail.com,EleanorScherrer19614@gmail.com
TAN,YUE,2000/04/03,1340085,東京都江戸川区南葛西,2-7-1,201室VTBG,8108046308466,virendershebag79031@gmail.com,virendershebag79031@gmail.com
TAN,YUE,2000/04/03,1340085,東京都江戸川区南葛西,2-7-1,201室CFNG,8108058443177,justrintrodoplay79921@gmail.com,justrintrodoplay79921@gmail.com
TAN,YUE,2000/04/03,1340085,東京都江戸川区南葛西,2-7-1,201室OQIC,8108027266253,kartinakaifact68921@gmail.com,kartinakaifact68921@gmail.com
TAN,YUE,2000/04/03,1340085,東京都江戸川区南葛西,2-7-1,201室FMDJ,8108090589897,ladithmalinga727519@gmail.com,ladithmalinga727519@gmail.com
TAN,YUE,2000/04/03,1340085,東京都江戸川区南葛西,2-7-1,201室HXBE,8108026878897,karishmakapor79021iqjwj@gmail.com,karishmakapor79021iqjwj@gmail.com
TAN,YUE,2000/04/03,1340085,東京都江戸川区南葛西,2-7-1,201室NVFW,8108075693276,shardulathakur68921@gmail.com,shardulathakur68921@gmail.com
TAN,YUE,2000/04/03,1340085,東京都江戸川区南葛西,2-7-1,201室CDDR,8108033332213,nelsonsmendela79021@gmail.com,nelsonsmendela79021@gmail.com
TAN,YUE,2000/04/03,1340085,東京都江戸川区南葛西,2-7-1,201室SFPO,8108055127997,akhiladhanjyasri78932@gmail.com,akhiladhanjyasri78932@gmail.com
TAN,YUE,2000/04/03,1340085,東京都江戸川区南葛西,2-7-1,201室NUHP,8108021204755,taigershorpactor68921@gmail.com,taigershorpactor68921@gmail.com
TAN,YUE,2000/04/03,1340085,東京都江戸川区南葛西,2-7-1,201室FJBZ,8108059624894,quintoondecokk27519@gmail.com,quintoondecokk27519@gmail.com
TAN,YUE,2000/04/03,1340085,東京都江戸川区南葛西,2-7-1,201室OJNG,8108072242678,EleanorScherrer19614@gmail.com,EleanorScherrer19614@gmail.com
TAN,YUE,2000/04/03,1340085,東京都江戸川区南葛西,2-7-1,201室VTBG,8108046308466,virendershebag79031@gmail.com,virendershebag79031@gmail.com
TAN,YUE,2000/04/03,1340085,東京都江戸川区南葛西,2-7-1,201室CFNG,8108058443177,justrintrodoplay79921@gmail.com,justrintrodoplay79921@gmail.com
TAN,YUE,2000/04/03,1340085,東京都江戸川区南葛西,2-7-1,201室OQIC,8108027266253,kartinakaifact68921@gmail.com,kartinakaifact68921@gmail.com
TAN,YUE,2000/04/03,1340085,東京都江戸川区南葛西,2-7-1,201室FMDJ,8108090589897,ladithmalinga727519@gmail.com,ladithmalinga727519@gmail.com
TAN,YUE,2000/04/03,1340085,東京都江戸川区南葛西,2-7-1,201室HXBE,8108026878897,karishmakapor79021iqjwj@gmail.com,karishmakapor79021iqjwj@gmail.com
TAN,YUE,2000/04/03,1340085,東京都江戸川区南葛西,2-7-1,201室NVFW,8108075693276,shardulathakur68921@gmail.com,shardulathakur68921@gmail.com
TAN,YUE,2000/04/03,1340085,東京都江戸川区南葛西,2-7-1,201室CDDR,8108033332213,nelsonsmendela79021@gmail.com,nelsonsmendela79021@gmail.com
TAN,YUE,2000/04/03,1340085,東京都江戸川区南葛西,2-7-1,201室SFPO,8108055127997,akhiladhanjyasri78932@gmail.com,akhiladhanjyasri78932@gmail.com
TAN,YUE,2000/04/03,1340085,東京都江戸川区南葛西,2-7-1,201室NUHP,8108021204755,taigershorpactor68921@gmail.com,taigershorpactor68921@gmail.com
TAN,YUE,2000/04/03,1340085,東京都江戸川区南葛西,2-7-1,201室FJBZ,8108059624894,quintoondecokk27519@gmail.com,quintoondecokk27519@gmail.com
TAN,YUE,2000/04/03,1340085,東京都江戸川区南葛西,2-7-1,201室OJNG,8108072242678,EleanorScherrer19614@gmail.com,EleanorScherrer19614@gmail.com
TAN,YUE,2000/04/03,1340085,東京都江戸川区南葛西,2-7-1,201室VTBG,8108046308466,virendershebag79031@gmail.com,virendershebag79031@gmail.com
TAN,YUE,2000/04/03,1340085,東京都江戸川区南葛西,2-7-1,201室CFNG,8108058443177,justrintrodoplay79921@gmail.com,justrintrodoplay79921@gmail.com
TAN,YUE,2000/04/03,1340085,東京都江戸川区南葛西,2-7-1,201室OQIC,8108027266253,kartinakaifact68921@gmail.com,kartinakaifact68921@gmail.com
TAN,YUE,2000/04/03,1340085,東京都江戸川区南葛西,2-7-1,201室FMDJ,8108090589897,ladithmalinga727519@gmail.com,ladithmalinga727519@gmail.com
TAN,YUE,2000/04/03,1340085,東京都江戸川区南葛西,2-7-1,201室HXBE,8108026878897,karishmakapor79021iqjwj@gmail.com,karishmakapor79021iqjwj@gmail.com
TAN,YUE,2000/04/03,1340085,東京都江戸川区南葛西,2-7-1,201室NVFW,8108075693276,shardulathakur68921@gmail.com,shardulathakur68921@gmail.com
TAN,YUE,2000/04/03,1340085,東京都江戸川区南葛西,2-7-1,201室CDDR,8108033332213,nelsonsmendela79021@gmail.com,nelsonsmendela79021@gmail.com
TAN,YUE,2000/04/03,1340085,東京都江戸川区南葛西,2-7-1,201室SFPO,8108055127997,akhiladhanjyasri78932@gmail.com,akhiladhanjyasri78932@gmail.com
TAN,YUE,2000/04/03,1340085,東京都江戸川区南葛西,2-7-1,201室NUHP,8108021204755,taigershorpactor68921@gmail.com,taigershorpactor68921@gmail.com
TAN,YUE,2000/04/03,1340085,東京都江戸川区南葛西,2-7-1,201室FJBZ,8108059624894,quintoondecokk27519@gmail.com,quintoondecokk27519@gmail.com
TAN,YUE,2000/04/03,1340085,東京都江戸川区南葛西,2-7-1,201室OJNG,8108072242678,EleanorScherrer19614@gmail.com,EleanorScherrer19614@gmail.com
TAN,YUE,2000/04/03,1340085,東京都江戸川区南葛西,2-7-1,201室VTBG,8108046308466,virendershebag79031@gmail.com,virendershebag79031@gmail.com
TAN,YUE,2000/04/03,1340085,東京都江戸川区南葛西,2-7-1,201室CFNG,8108058443177,justrintrodoplay79921@gmail.com,justrintrodoplay79921@gmail.com
TAN,YUE,2000/04/03,1340085,東京都江戸川区南葛西,2-7-1,201室OQIC,8108027266253,kartinakaifact68921@gmail.com,kartinakaifact68921@gmail.com
TAN,YUE,2000/04/03,1340085,東京都江戸川区南葛西,2-7-1,201室FMDJ,8108090589897,ladithmalinga727519@gmail.com,ladithmalinga727519@gmail.com
TAN,YUE,2000/04/03,1340085,東京都江戸川区南葛西,2-7-1,201室HXBE,8108026878897,karishmakapor79021iqjwj@gmail.com,karishmakapor79021iqjwj@gmail.com
TAN,YUE,2000/04/03,1340085,東京都江戸川区南葛西,2-7-1,201室NVFW,8108075693276,shardulathakur68921@gmail.com,shardulathakur68921@gmail.com
TAN,YUE,2000/04/03,1340085,東京都江戸川区南葛西,2-7-1,201室CDDR,8108033332213,nelsonsmendela79021@gmail.com,nelsonsmendela79021@gmail.com
TAN,YUE,2000/04/03,1340085,東京都江戸川区南葛西,2-7-1,201室SFPO,8108055127997,akhiladhanjyasri78932@gmail.com,akhiladhanjyasri78932@gmail.com
TAN,YUE,2000/04/03,1340085,東京都江戸川区南葛西,2-7-1,201室NUHP,8108021204755,taigershorpactor68921@gmail.com,taigershorpactor68921@gmail.com
TAN,YUE,2000/04/03,1340085,東京都江戸川区南葛西,2-7-1,201室FJBZ,8108059624894,quintoondecokk27519@gmail.com,quintoondecokk27519@gmail.com
TAN,YUE,2000/04/03,1340085,東京都江戸川区南葛西,2-7-1,201室OJNG,8108072242678,EleanorScherrer19614@gmail.com,EleanorScherrer19614@gmail.com
TAN,YUE,2000/04/03,1340085,東京都江戸川区南葛西,2-7-1,201室VTBG,8108046308466,virendershebag79031@gmail.com,virendershebag79031@gmail.com
TAN,YUE,2000/04/03,1340085,東京都江戸川区南葛西,2-7-1,201室CFNG,8108058443177,justrintrodoplay79921@gmail.com,justrintrodoplay79921@gmail.com
TAN,YUE,2000/04/03,1340085,東京都江戸川区南葛西,2-7-1,201室OQIC,8108027266253,kartinakaifact68921@gmail.com,kartinakaifact68921@gmail.com
TAN,YUE,2000/04/03,1340085,東京都江戸川区南葛西,2-7-1,201室FMDJ,8108090589897,ladithmalinga727519@gmail.com,ladithmalinga727519@gmail.com
TAN,YUE,2000/04/03,1340085,東京都江戸川区南葛西,2-7-1,201室HXBE,8108026878897,karishmakapor79021iqjwj@gmail.com,karishmakapor79021iqjwj@gmail.com
TAN,YUE,2000/04/03,1340085,東京都江戸川区南葛西,2-7-1,201室NVFW,8108075693276,shardulathakur68921@gmail.com,shardulathakur68921@gmail.com
TAN,YUE,2000/04/03,1340085,東京都江戸川区南葛西,2-7-1,201室CDDR,8108033332213,nelsonsmendela79021@gmail.com,nelsonsmendela79021@gmail.com
TAN,YUE,2000/04/03,1340085,東京都江戸川区南葛西,2-7-1,201室SFPO,8108055127997,akhiladhanjyasri78932@gmail.com,akhiladhanjyasri78932@gmail.com
TAN,YUE,2000/04/03,1340085,東京都江戸川区南葛西,2-7-1,201室NUHP,8108021204755,taigershorpactor68921@gmail.com,taigershorpactor68921@gmail.com
TAN,YUE,2000/04/03,1340085,東京都江戸川区南葛西,2-7-1,201室FJBZ,8108059624894,quintoondecokk27519@gmail.com,quintoondecokk27519@gmail.com
TAN,YUE,2000/04/03,1340085,東京都江戸川区南葛西,2-7-1,201室OJNG,8108072242678,EleanorScherrer19614@gmail.com,EleanorScherrer19614@gmail.com
TAN,YUE,2000/04/03,1340085,東京都江戸川区南葛西,2-7-1,201室VTBG,8108046308466,virendershebag79031@gmail.com,virendershebag79031@gmail.com
TAN,YUE,2000/04/03,1340085,東京都江戸川区南葛西,2-7-1,201室CFNG,8108058443177,justrintrodoplay79921@gmail.com,justrintrodoplay79921@gmail.com
TAN,YUE,2000/04/03,1340085,東京都江戸川区南葛西,2-7-1,201室OQIC,8108027266253,kartinakaifact68921@gmail.com,kartinakaifact68921@gmail.com
TAN,YUE,2000/04/03,1340085,東京都江戸川区南葛西,2-7-1,201室FMDJ,8108090589897,ladithmalinga727519@gmail.com,ladithmalinga727519@gmail.com
TAN,YUE,2000/04/03,1340085,東京都江戸川区南葛西,2-7-1,201室HXBE,8108026878897,karishmakapor79021iqjwj@gmail.com,karishmakapor79021iqjwj@gmail.com
TAN,YUE,2000/04/03,1340085,東京都江戸川区南葛西,2-7-1,201室NVFW,8108075693276,shardulathakur68921@gmail.com,shardulathakur68921@gmail.com
TAN,YUE,2000/04/03,1340085,東京都江戸川区南葛西,2-7-1,201室CDDR,8108033332213,nelsonsmendela79021@gmail.com,nelsonsmendela79021@gmail.com
TAN,YUE,2000/04/03,1340085,東京都江戸川区南葛西,2-7-1,201室SFPO,8108055127997,akhiladhanjyasri78932@gmail.com,akhiladhanjyasri78932@gmail.com
TAN,YUE,2000/04/03,1340085,東京都江戸川区南葛西,2-7-1,201室NUHP,8108021204755,taigershorpactor68921@gmail.com,taigershorpactor68921@gmail.com
TAN,YUE,2000/04/03,1340085,東京都江戸川区南葛西,2-7-1,201室FJBZ,8108059624894,quintoondecokk27519@gmail.com,quintoondecokk27519@gmail.com
TAN,YUE,2000/04/03,1340085,東京都江戸川区南葛西,2-7-1,201室OJNG,8108072242678,EleanorScherrer19614@gmail.com,EleanorScherrer19614@gmail.com
TAN,YUE,2000/04/03,1340085,東京都江戸川区南葛西,2-7-1,201室VTBG,8108046308466,virendershebag79031@gmail.com,virendershebag79031@gmail.com
TAN,YUE,2000/04/03,1340085,東京都江戸川区南葛西,2-7-1,201室CFNG,8108058443177,justrintrodoplay79921@gmail.com,justrintrodoplay79921@gmail.com
TAN,YUE,2000/04/03,1340085,東京都江戸川区南葛西,2-7-1,201室OQIC,8108027266253,kartinakaifact68921@gmail.com,kartinakaifact68921@gmail.com
TAN,YUE,2000/04/03,1340085,東京都江戸川区南葛西,2-7-1,201室FMDJ,8108090589897,ladithmalinga727519@gmail.com,ladithmalinga727519@gmail.com
TAN,YUE,2000/04/03,1340085,東京都江戸川区南葛西,2-7-1,201室HXBE,8108026878897,karishmakapor79021iqjwj@gmail.com,karishmakapor79021iqjwj@gmail.com
TAN,YUE,2000/04/03,1340085,東京都江戸川区南葛西,2-7-1,201室NVFW,8108075693276,shardulathakur68921@gmail.com,shardulathakur68921@gmail.com
TAN,YUE,2000/04/03,1340085,東京都江戸川区南葛西,2-7-1,201室CDDR,8108033332213,nelsonsmendela79021@gmail.com,nelsonsmendela79021@gmail.com
TAN,YUE,2000/04/03,1340085,東京都江戸川区南葛西,2-7-1,201室SFPO,8108055127997,akhiladhanjyasri78932@gmail.com,akhiladhanjyasri78932@gmail.com
TAN,YUE,2000/04/03,1340085,東京都江戸川区南葛西,2-7-1,201室NUHP,8108021204755,taigershorpactor68921@gmail.com,taigershorpactor68921@gmail.com
TAN,YUE,2000/04/03,1340085,東京都江戸川区南葛西,2-7-1,201室FJBZ,8108059624894,quintoondecokk27519@gmail.com,quintoondecokk27519@gmail.com
TAN,YUE,2000/04/03,1340085,東京都江戸川区南葛西,2-7-1,201室OJNG,8108072242678,EleanorScherrer19614@gmail.com,EleanorScherrer19614@gmail.com
TAN,YUE,2000/04/03,1340085,東京都江戸川区南葛西,2-7-1,201室VTBG,8108046308466,virendershebag79031@gmail.com,virendershebag79031@gmail.com
TAN,YUE,2000/04/03,1340085,東京都江戸川区南葛西,2-7-1,201室CFNG,8108058443177,justrintrodoplay79921@gmail.com,justrintrodoplay79921@gmail.com
TAN,YUE,2000/04/03,1340085,東京都江戸川区南葛西,2-7-1,201室OQIC,8108027266253,kartinakaifact68921@gmail.com,kartinakaifact68921@gmail.com
TAN,YUE,2000/04/03,1340085,東京都江戸川区南葛西,2-7-1,201室FMDJ,8108090589897,ladithmalinga727519@gmail.com,ladithmalinga727519@gmail.com
TAN,YUE,2000/04/03,1340085,東京都江戸川区南葛西,2-7-1,201室HXBE,8108026878897,karishmakapor79021iqjwj@gmail.com,karishmakapor79021iqjwj@gmail.com
TAN,YUE,2000/04/03,1340085,東京都江戸川区南葛西,2-7-1,201室NVFW,8108075693276,shardulathakur68921@gmail.com,shardulathakur68921@gmail.com
TAN,YUE,2000/04/03,1340085,東京都江戸川区南葛西,2-7-1,201室CDDR,8108033332213,nelsonsmendela79021@gmail.com,nelsonsmendela79021@gmail.com
TAN,YUE,2000/04/03,1340085,東京都江戸川区南葛西,2-7-1,201室SFPO,8108055127997,akhiladhanjyasri78932@gmail.com,akhiladhanjyasri78932@gmail.com
TAN,YUE,2000/04/03,1340085,東京都江戸川区南葛西,2-7-1,201室NUHP,8108021204755,taigershorpactor68921@gmail.com,taigershorpactor68921@gmail.com
TAN,YUE,2000/04/03,1340085,東京都江戸川区南葛西,2-7-1,201室FJBZ,8108059624894,quintoondecokk27519@gmail.com,quintoondecokk27519@gmail.com
TAN,YUE,2000/04/03,1340085,東京都江戸川区南葛西,2-7-1,201室OJNG,8108072242678,EleanorScherrer19614@gmail.com,EleanorScherrer19614@gmail.com
TAN,YUE,2000/04/03,1340085,東京都江戸川区南葛西,2-7-1,201室VTBG,8108046308466,virendershebag79031@gmail.com,virendershebag79031@gmail.com
TAN,YUE,2000/04/03,1340085,東京都江戸川区南葛西,2-7-1,201室CFNG,8108058443177,justrintrodoplay79921@gmail.com,justrintrodoplay79921@gmail.com
TAN,YUE,2000/04/03,1340085,東京都江戸川区南葛西,2-7-1,201室OQIC,8108027266253,kartinakaifact68921@gmail.com,kartinakaifact68921@gmail.com
TAN,YUE,2000/04/03,1340085,東京都江戸川区南葛西,2-7-1,201室FMDJ,8108090589897,ladithmalinga727519@gmail.com,ladithmalinga727519@gmail.com
TAN,YUE,2000/04/03,1340085,東京都江戸川区南葛西,2-7-1,201室HXBE,8108026878897,karishmakapor79021iqjwj@gmail.com,karishmakapor79021iqjwj@gmail.com
TAN,YUE,2000/04/03,1340085,東京都江戸川区南葛西,2-7-1,201室NVFW,8108075693276,shardulathakur68921@gmail.com,shardulathakur68921@gmail.com
TAN,YUE,2000/04/03,1340085,東京都江戸川区南葛西,2-7-1,201室CDDR,8108033332213,nelsonsmendela79021@gmail.com,nelsonsmendela79021@gmail.com
TAN,YUE,2000/04/03,1340085,東京都江戸川区南葛西,2-7-1,201室SFPO,8108055127997,akhiladhanjyasri78932@gmail.com,akhiladhanjyasri78932@gmail.com
TAN,YUE,2000/04/03,1340085,東京都江戸川区南葛西,2-7-1,201室NUHP,8108021204755,taigershorpactor68921@gmail.com,taigershorpactor68921@gmail.com
TAN,YUE,2000/04/03,1340085,東京都江戸川区南葛西,2-7-1,201室FJBZ,8108059624894,quintoondecokk27519@gmail.com,quintoondecokk27519@gmail.com
TAN,YUE,2000/04/03,1340085,東京都江戸川区南葛西,2-7-1,201室OJNG,8108072242678,EleanorScherrer19614@gmail.com,EleanorScherrer19614@gmail.com
TAN,YUE,2000/04/03,1340085,東京都江戸川区南葛西,2-7-1,201室VTBG,8108046308466,virendershebag79031@gmail.com,virendershebag79031@gmail.com
TAN,YUE,2000/04/03,1340085,東京都江戸川区南葛西,2-7-1,201室CFNG,8108058443177,justrintrodoplay79921@gmail.com,justrintrodoplay79921@gmail.com
TAN,YUE,2000/04/03,1340085,東京都江戸川区南葛西,2-7-1,201室OQIC,8108027266253,kartinakaifact68921@gmail.com,kartinakaifact68921@gmail.com
TAN,YUE,2000/04/03,1340085,東京都江戸川区南葛西,2-7-1,201室FMDJ,8108090589897,ladithmalinga727519@gmail.com,ladithmalinga727519@gmail.com
TAN,YUE,2000/04/03,1340085,東京都江戸川区南葛西,2-7-1,201室HXBE,8108026878897,karishmakapor79021iqjwj@gmail.com,karishmakapor79021iqjwj@gmail.com
TAN,YUE,2000/04/03,1340085,東京都江戸川区南葛西,2-7-1,201室NVFW,8108075693276,shardulathakur68921@gmail.com,shardulathakur68921@gmail.com
TAN,YUE,2000/04/03,1340085,東京都江戸川区南葛西,2-7-1,201室CDDR,8108033332213,nelsonsmendela79021@gmail.com,nelsonsmendela79021@gmail.com
TAN,YUE,2000/04/03,1340085,東京都江戸川区南葛西,2-7-1,201室SFPO,8108055127997,akhiladhanjyasri78932@gmail.com,akhiladhanjyasri78932@gmail.com
TAN,YUE,2000/04/03,1340085,東京都江戸川区南葛西,2-7-1,201室NUHP,8108021204755,taigershorpactor68921@gmail.com,taigershorpactor68921@gmail.com
TAN,YUE,2000/04/03,1340085,東京都江戸川区南葛西,2-7-1,201室FJBZ,8108059624894,quintoondecokk27519@gmail.com,quintoondecokk27519@gmail.com
TAN,YUE,2000/04/03,1340085,東京都江戸川区南葛西,2-7-1,201室OJNG,8108072242678,EleanorScherrer19614@gmail.com,EleanorScherrer19614@gmail.com
TAN,YUE,2000/04/03,1340085,東京都江戸川区南葛西,2-7-1,201室VTBG,8108046308466,virendershebag79031@gmail.com,virendershebag79031@gmail.com
TAN,YUE,2000/04/03,1340085,東京都江戸川区南葛西,2-7-1,201室CFNG,8108058443177,justrintrodoplay79921@gmail.com,justrintrodoplay79921@gmail.com
TAN,YUE,2000/04/03,1340085,東京都江戸川区南葛西,2-7-1,201室OQIC,8108027266253,kartinakaifact68921@gmail.com,kartinakaifact68921@gmail.com
TAN,YUE,2000/04/03,1340085,東京都江戸川区南葛西,2-7-1,201室FMDJ,8108090589897,ladithmalinga727519@gmail.com,ladithmalinga727519@gmail.com
TAN,YUE,2000/04/03,1340085,東京都江戸川区南葛西,2-7-1,201室HXBE,8108026878897,karishmakapor79021iqjwj@gmail.com,karishmakapor79021iqjwj@gmail.com
TAN,YUE,2000/04/03,1340085,東京都江戸川区南葛西,2-7-1,201室NVFW,8108075693276,shardulathakur68921@gmail.com,shardulathakur68921@gmail.com
TAN,YUE,2000/04/03,1340085,東京都江戸川区南葛西,2-7-1,201室CDDR,8108033332213,nelsonsmendela79021@gmail.com,nelsonsmendela79021@gmail.com
TAN,YUE,2000/04/03,1340085,東京都江戸川区南葛西,2-7-1,201室SFPO,8108055127997,akhiladhanjyasri78932@gmail.com,akhiladhanjyasri78932@gmail.com
TAN,YUE,2000/04/03,1340085,東京都江戸川区南葛西,2-7-1,201室NUHP,8108021204755,taigershorpactor68921@gmail.com,taigershorpactor68921@gmail.com
TAN,YUE,2000/04/03,1340085,東京都江戸川区南葛西,2-7-1,201室FJBZ,8108059624894,quintoondecokk27519@gmail.com,quintoondecokk27519@gmail.com
TAN,YUE,2000/04/03,1340085,東京都江戸川区南葛西,2-7-1,201室OJNG,8108072242678,EleanorScherrer19614@gmail.com,EleanorScherrer19614@gmail.com
TAN,YUE,2000/04/03,1340085,東京都江戸川区南葛西,2-7-1,201室VTBG,8108046308466,virendershebag79031@gmail.com,virendershebag79031@gmail.com
TAN,YUE,2000/04/03,1340085,東京都江戸川区南葛西,2-7-1,201室CFNG,8108058443177,justrintrodoplay79921@gmail.com,justrintrodoplay79921@gmail.com
TAN,YUE,2000/04/03,1340085,東京都江戸川区南葛西,2-7-1,201室OQIC,8108027266253,kartinakaifact68921@gmail.com,kartinakaifact68921@gmail.com
TAN,YUE,2000/04/03,1340085,東京都江戸川区南葛西,2-7-1,201室FMDJ,8108090589897,ladithmalinga727519@gmail.com,ladithmalinga727519@gmail.com
TAN,YUE,2000/04/03,1340085,東京都江戸川区南葛西,2-7-1,201室HXBE,8108026878897,karishmakapor79021iqjwj@gmail.com,karishmakapor79021iqjwj@gmail.com
TAN,YUE,2000/04/03,1340085,東京都江戸川区南葛西,2-7-1,201室NVFW,8108075693276,shardulathakur68921@gmail.com,shardulathakur68921@gmail.com
TAN,YUE,2000/04/03,1340085,東京都江戸川区南葛西,2-7-1,201室CDDR,8108033332213,nelsonsmendela79021@gmail.com,nelsonsmendela79021@gmail.com
TAN,YUE,2000/04/03,1340085,東京都江戸川区南葛西,2-7-1,201室SFPO,8108055127997,akhiladhanjyasri78932@gmail.com,akhiladhanjyasri78932@gmail.com
TAN,YUE,2000/04/03,1340085,東京都江戸川区南葛西,2-7-1,201室NUHP,8108021204755,taigershorpactor68921@gmail.com,taigershorpactor68921@gmail.com
TAN,YUE,2000/04/03,1340085,東京都江戸川区南葛西,2-7-1,201室FJBZ,8108059624894,quintoondecokk27519@gmail.com,quintoondecokk27519@gmail.com
TAN,YUE,2000/04/03,1340085,東京都江戸川区南葛西,2-7-1,201室OJNG,8108072242678,EleanorScherrer19614@gmail.com,EleanorScherrer19614@gmail.com
TAN,YUE,2000/04/03,1340085,東京都江戸川区南葛西,2-7-1,201室VTBG,8108046308466,virendershebag79031@gmail.com,virendershebag79031@gmail.com
TAN,YUE,2000/04/03,1340085,東京都江戸川区南葛西,2-7-1,201室CFNG,8108058443177,justrintrodoplay79921@gmail.com,justrintrodoplay79921@gmail.com
TAN,YUE,2000/04/03,1340085,東京都江戸川区南葛西,2-7-1,201室OQIC,8108027266253,kartinakaifact68921@gmail.com,kartinakaifact68921@gmail.com
TAN,YUE,2000/04/03,1340085,東京都江戸川区南葛西,2-7-1,201室FMDJ,8108090589897,ladithmalinga727519@gmail.com,ladithmalinga727519@gmail.com
TAN,YUE,2000/04/03,1340085,東京都江戸川区南葛西,2-7-1,201室HXBE,8108026878897,karishmakapor79021iqjwj@gmail.com,karishmakapor79021iqjwj@gmail.com
TAN,YUE,2000/04/03,1340085,東京都江戸川区南葛西,2-7-1,201室NVFW,8108075693276,shardulathakur68921@gmail.com,shardulathakur68921@gmail.com
TAN,YUE,2000/04/03,1340085,東京都江戸川区南葛西,2-7-1,201室CDDR,8108033332213,nelsonsmendela79021@gmail.com,nelsonsmendela79021@gmail.com
TAN,YUE,2000/04/03,1340085,東京都江戸川区南葛西,2-7-1,201室SFPO,8108055127997,akhiladhanjyasri78932@gmail.com,akhiladhanjyasri78932@gmail.com
TAN,YUE,2000/04/03,1340085,東京都江戸川区南葛西,2-7-1,201室NUHP,8108021204755,taigershorpactor68921@gmail.com,taigershorpactor68921@gmail.com
TAN,YUE,2000/04/03,1340085,東京都江戸川区南葛西,2-7-1,201室FJBZ,8108059624894,quintoondecokk27519@gmail.com,quintoondecokk27519@gmail.com
TAN,YUE,2000/04/03,1340085,東京都江戸川区南葛西,2-7-1,201室OJNG,8108072242678,EleanorScherrer19614@gmail.com,EleanorScherrer19614@gmail.com
TAN,YUE,2000/04/03,1340085,東京都江戸川区南葛西,2-7-1,201室VTBG,8108046308466,virendershebag79031@gmail.com,virendershebag79031@gmail.com
TAN,YUE,2000/04/03,1340085,東京都江戸川区南葛西,2-7-1,201室CFNG,8108058443177,justrintrodoplay79921@gmail.com,justrintrodoplay79921@gmail.com
TAN,YUE,2000/04/03,1340085,東京都江戸川区南葛西,2-7-1,201室OQIC,8108027266253,kartinakaifact68921@gmail.com,kartinakaifact68921@gmail.com
TAN,YUE,2000/04/03,1340085,東京都江戸川区南葛西,2-7-1,201室FMDJ,8108090589897,ladithmalinga727519@gmail.com,ladithmalinga727519@gmail.com
TAN,YUE,2000/04/03,1340085,東京都江戸川区南葛西,2-7-1,201室HXBE,8108026878897,karishmakapor79021iqjwj@gmail.com,karishmakapor79021iqjwj@gmail.com
TAN,YUE,2000/04/03,1340085,東京都江戸川区南葛西,2-7-1,201室NVFW,8108075693276,shardulathakur68921@gmail.com,shardulathakur68921@gmail.com
TAN,YUE,2000/04/03,1340085,東京都江戸川区南葛西,2-7-1,201室CDDR,8108033332213,nelsonsmendela79021@gmail.com,nelsonsmendela79021@gmail.com
TAN,YUE,2000/04/03,1340085,東京都江戸川区南葛西,2-7-1,201室SFPO,8108055127997,akhiladhanjyasri78932@gmail.com,akhiladhanjyasri78932@gmail.com
TAN,YUE,2000/04/03,1340085,東京都江戸川区南葛西,2-7-1,201室NUHP,8108021204755,taigershorpactor68921@gmail.com,taigershorpactor68921@gmail.com
TAN,YUE,2000/04/03,1340085,東京都江戸川区南葛西,2-7-1,201室FJBZ,8108059624894,quintoondecokk27519@gmail.com,quintoondecokk27519@gmail.com
TAN,YUE,2000/04/03,1340085,東京都江戸川区南葛西,2-7-1,201室OJNG,8108072242678,EleanorScherrer19614@gmail.com,EleanorScherrer19614@gmail.com
TAN,YUE,2000/04/03,1340085,東京都江戸川区南葛西,2-7-1,201室VTBG,8108046308466,virendershebag79031@gmail.com,virendershebag79031@gmail.com
TAN,YUE,2000/04/03,1340085,東京都江戸川区南葛西,2-7-1,201室CFNG,8108058443177,justrintrodoplay79921@gmail.com,justrintrodoplay79921@gmail.com
TAN,YUE,2000/04/03,1340085,東京都江戸川区南葛西,2-7-1,201室OQIC,8108027266253,kartinakaifact68921@gmail.com,kartinakaifact68921@gmail.com
TAN,YUE,2000/04/03,1340085,東京都江戸川区南葛西,2-7-1,201室FMDJ,8108090589897,ladithmalinga727519@gmail.com,ladithmalinga727519@gmail.com
TAN,YUE,2000/04/03,1340085,東京都江戸川区南葛西,2-7-1,201室HXBE,8108026878897,karishmakapor79021iqjwj@gmail.com,karishmakapor79021iqjwj@gmail.com
TAN,YUE,2000/04/03,1340085,東京都江戸川区南葛西,2-7-1,201室NVFW,8108075693276,shardulathakur68921@gmail.com,shardulathakur68921@gmail.com
TAN,YUE,2000/04/03,1340085,東京都江戸川区南葛西,2-7-1,201室CDDR,8108033332213,nelsonsmendela79021@gmail.com,nelsonsmendela79021@gmail.com
TAN,YUE,2000/04/03,1340085,東京都江戸川区南葛西,2-7-1,201室SFPO,8108055127997,akhiladhanjyasri78932@gmail.com,akhiladhanjyasri78932@gmail.com
TAN,YUE,2000/04/03,1340085,東京都江戸川区南葛西,2-7-1,201室NUHP,8108021204755,taigershorpactor68921@gmail.com,taigershorpactor68921@gmail.com
TAN,YUE,2000/04/03,1340085,東京都江戸川区南葛西,2-7-1,201室FJBZ,8108059624894,quintoondecokk27519@gmail.com,quintoondecokk27519@gmail.com
TAN,YUE,2000/04/03,1340085,東京都江戸川区南葛西,2-7-1,201室OJNG,8108072242678,EleanorScherrer19614@gmail.com,EleanorScherrer19614@gmail.com
TAN,YUE,2000/04/03,1340085,東京都江戸川区南葛西,2-7-1,201室VTBG,8108046308466,virendershebag79031@gmail.com,virendershebag79031@gmail.com
TAN,YUE,2000/04/03,1340085,東京都江戸川区南葛西,2-7-1,201室CFNG,8108058443177,justrintrodoplay79921@gmail.com,justrintrodoplay79921@gmail.com
TAN,YUE,2000/04/03,1340085,東京都江戸川区南葛西,2-7-1,201室OQIC,8108027266253,kartinakaifact68921@gmail.com,kartinakaifact68921@gmail.com
TAN,YUE,2000/04/03,1340085,東京都江戸川区南葛西,2-7-1,201室FMDJ,8108090589897,ladithmalinga727519@gmail.com,ladithmalinga727519@gmail.com
TAN,YUE,2000/04/03,1340085,東京都江戸川区南葛西,2-7-1,201室HXBE,8108026878897,karishmakapor79021iqjwj@gmail.com,karishmakapor79021iqjwj@gmail.com
TAN,YUE,2000/04/03,1340085,東京都江戸川区南葛西,2-7-1,201室NVFW,8108075693276,shardulathakur68921@gmail.com,shardulathakur68921@gmail.com
TAN,YUE,2000/04/03,1340085,東京都江戸川区南葛西,2-7-1,201室CDDR,8108033332213,nelsonsmendela79021@gmail.com,nelsonsmendela79021@gmail.com
TAN,YUE,2000/04/03,1340085,東京都江戸川区南葛西,2-7-1,201室SFPO,8108055127997,akhiladhanjyasri78932@gmail.com,akhiladhanjyasri78932@gmail.com
TAN,YUE,2000/04/03,1340085,東京都江戸川区南葛西,2-7-1,201室NUHP,8108021204755,taigershorpactor68921@gmail.com,taigershorpactor68921@gmail.com
TAN,YUE,2000/04/03,1340085,東京都江戸川区南葛西,2-7-1,201室FJBZ,8108059624894,quintoondecokk27519@gmail.com,quintoondecokk27519@gmail.com
TAN,YUE,2000/04/03,1340085,東京都江戸川区南葛西,2-7-1,201室OJNG,8108072242678,EleanorScherrer19614@gmail.com,EleanorScherrer19614@gmail.com
TAN,YUE,2000/04/03,1340085,東京都江戸川区南葛西,2-7-1,201室VTBG,8108046308466,virendershebag79031@gmail.com,virendershebag79031@gmail.com
TAN,YUE,2000/04/03,1340085,東京都江戸川区南葛西,2-7-1,201室CFNG,8108058443177,justrintrodoplay79921@gmail.com,justrintrodoplay79921@gmail.com
TAN,YUE,2000/04/03,1340085,東京都江戸川区南葛西,2-7-1,201室OQIC,8108027266253,kartinakaifact68921@gmail.com,kartinakaifact68921@gmail.com
TAN,YUE,2000/04/03,1340085,東京都江戸川区南葛西,2-7-1,201室FMDJ,8108090589897,ladithmalinga727519@gmail.com,ladithmalinga727519@gmail.com
TAN,YUE,2000/04/03,1340085,東京都江戸川区南葛西,2-7-1,201室HXBE,8108026878897,karishmakapor79021iqjwj@gmail.com,karishmakapor79021iqjwj@gmail.com
TAN,YUE,2000/04/03,1340085,東京都江戸川区南葛西,2-7-1,201室NVFW,8108075693276,shardulathakur68921@gmail.com,shardulathakur68921@gmail.com
TAN,YUE,2000/04/03,1340085,東京都江戸川区南葛西,2-7-1,201室CDDR,8108033332213,nelsonsmendela79021@gmail.com,nelsonsmendela79021@gmail.com
TAN,YUE,2000/04/03,1340085,東京都江戸川区南葛西,2-7-1,201室SFPO,8108055127997,akhiladhanjyasri78932@gmail.com,akhiladhanjyasri78932@gmail.com
TAN,YUE,2000/04/03,1340085,東京都江戸川区南葛西,2-7-1,201室NUHP,8108021204755,taigershorpactor68921@gmail.com,taigershorpactor68921@gmail.com
TAN,YUE,2000/04/03,1340085,東京都江戸川区南葛西,2-7-1,201室FJBZ,8108059624894,quintoondecokk27519@gmail.com,quintoondecokk27519@gmail.com
TAN,YUE,2000/04/03,1340085,東京都江戸川区南葛西,2-7-1,201室OJNG,8108072242678,EleanorScherrer19614@gmail.com,EleanorScherrer19614@gmail.com
TAN,YUE,2000/04/03,1340085,東京都江戸川区南葛西,2-7-1,201室VTBG,8108046308466,virendershebag79031@gmail.com,virendershebag79031@gmail.com
TAN,YUE,2000/04/03,1340085,東京都江戸川区南葛西,2-7-1,201室CFNG,8108058443177,justrintrodoplay79921@gmail.com,justrintrodoplay79921@gmail.com
TAN,YUE,2000/04/03,1340085,東京都江戸川区南葛西,2-7-1,201室OQIC,8108027266253,kartinakaifact68921@gmail.com,kartinakaifact68921@gmail.com
TAN,YUE,2000/04/03,1340085,東京都江戸川区南葛西,2-7-1,201室FMDJ,8108090589897,ladithmalinga727519@gmail.com,ladithmalinga727519@gmail.com
TAN,YUE,2000/04/03,1340085,東京都江戸川区南葛西,2-7-1,201室HXBE,8108026878897,karishmakapor79021iqjwj@gmail.com,karishmakapor79021iqjwj@gmail.com
TAN,YUE,2000/04/03,1340085,東京都江戸川区南葛西,2-7-1,201室NVFW,8108075693276,shardulathakur68921@gmail.com,shardulathakur68921@gmail.com
TAN,YUE,2000/04/03,1340085,東京都江戸川区南葛西,2-7-1,201室CDDR,8108033332213,nelsonsmendela79021@gmail.com,nelsonsmendela79021@gmail.com
TAN,YUE,2000/04/03,1340085,東京都江戸川区南葛西,2-7-1,201室SFPO,8108055127997,akhiladhanjyasri78932@gmail.com,akhiladhanjyasri78932@gmail.com
TAN,YUE,2000/04/03,1340085,東京都江戸川区南葛西,2-7-1,201室NUHP,8108021204755,taigershorpactor68921@gmail.com,taigershorpactor68921@gmail.com
TAN,YUE,2000/04/03,1340085,東京都江戸川区南葛西,2-7-1,201室FJBZ,8108059624894,quintoondecokk27519@gmail.com,quintoondecokk27519@gmail.com
TAN,YUE,2000/04/03,1340085,東京都江戸川区南葛西,2-7-1,201室OJNG,8108072242678,EleanorScherrer19614@gmail.com,EleanorScherrer19614@gmail.com
TAN,YUE,2000/04/03,1340085,東京都江戸川区南葛西,2-7-1,201室VTBG,8108046308466,virendershebag79031@gmail.com,virendershebag79031@gmail.com
TAN,YUE,2000/04/03,1340085,東京都江戸川区南葛西,2-7-1,201室CFNG,8108058443177,justrintrodoplay79921@gmail.com,justrintrodoplay79921@gmail.com
TAN,YUE,2000/04/03,1340085,東京都江戸川区南葛西,2-7-1,201室OQIC,8108027266253,kartinakaifact68921@gmail.com,kartinakaifact68921@gmail.com
TAN,YUE,2000/04/03,1340085,東京都江戸川区南葛西,2-7-1,201室FMDJ,8108090589897,ladithmalinga727519@gmail.com,ladithmalinga727519@gmail.com
TAN,YUE,2000/04/03,1340085,東京都江戸川区南葛西,2-7-1,201室HXBE,8108026878897,karishmakapor79021iqjwj@gmail.com,karishmakapor79021iqjwj@gmail.com
TAN,YUE,2000/04/03,1340085,東京都江戸川区南葛西,2-7-1,201室NVFW,8108075693276,shardulathakur68921@gmail.com,shardulathakur68921@gmail.com
TAN,YUE,2000/04/03,1340085,東京都江戸川区南葛西,2-7-1,201室CDDR,8108033332213,nelsonsmendela79021@gmail.com,nelsonsmendela79021@gmail.com
TAN,YUE,2000/04/03,1340085,東京都江戸川区南葛西,2-7-1,201室SFPO,8108055127997,akhiladhanjyasri78932@gmail.com,akhiladhanjyasri78932@gmail.com
TAN,YUE,2000/04/03,1340085,東京都江戸川区南葛西,2-7-1,201室NUHP,8108021204755,taigershorpactor68921@gmail.com,taigershorpactor68921@gmail.com
TAN,YUE,2000/04/03,1340085,東京都江戸川区南葛西,2-7-1,201室FJBZ,8108059624894,quintoondecokk27519@gmail.com,quintoondecokk27519@gmail.com
TAN,YUE,2000/04/03,1340085,東京都江戸川区南葛西,2-7-1,201室OJNG,8108072242678,EleanorScherrer19614@gmail.com,EleanorScherrer19614@gmail.com
TAN,YUE,2000/04/03,1340085,東京都江戸川区南葛西,2-7-1,201室VTBG,8108046308466,virendershebag79031@gmail.com,virendershebag79031@gmail.com
TAN,YUE,2000/04/03,1340085,東京都江戸川区南葛西,2-7-1,201室CFNG,8108058443177,justrintrodoplay79921@gmail.com,justrintrodoplay79921@gmail.com
TAN,YUE,2000/04/03,1340085,東京都江戸川区南葛西,2-7-1,201室OQIC,8108027266253,kartinakaifact68921@gmail.com,kartinakaifact68921@gmail.com
TAN,YUE,2000/04/03,1340085,東京都江戸川区南葛西,2-7-1,201室FMDJ,8108090589897,ladithmalinga727519@gmail.com,ladithmalinga727519@gmail.com
TAN,YUE,2000/04/03,1340085,東京都江戸川区南葛西,2-7-1,201室HXBE,8108026878897,karishmakapor79021iqjwj@gmail.com,karishmakapor79021iqjwj@gmail.com
TAN,YUE,2000/04/03,1340085,東京都江戸川区南葛西,2-7-1,201室NVFW,8108075693276,shardulathakur68921@gmail.com,shardulathakur68921@gmail.com
TAN,YUE,2000/04/03,1340085,東京都江戸川区南葛西,2-7-1,201室CDDR,8108033332213,nelsonsmendela79021@gmail.com,nelsonsmendela79021@gmail.com
TAN,YUE,2000/04/03,1340085,東京都江戸川区南葛西,2-7-1,201室SFPO,8108055127997,akhiladhanjyasri78932@gmail.com,akhiladhanjyasri78932@gmail.com
TAN,YUE,2000/04/03,1340085,東京都江戸川区南葛西,2-7-1,201室NUHP,8108021204755,taigershorpactor68921@gmail.com,taigershorpactor68921@gmail.com
TAN,YUE,2000/04/03,1340085,東京都江戸川区南葛西,2-7-1,201室FJBZ,8108059624894,quintoondecokk27519@gmail.com,quintoondecokk27519@gmail.com
TAN,YUE,2000/04/03,1340085,東京都江戸川区南葛西,2-7-1,201室OJNG,8108072242678,EleanorScherrer19614@gmail.com,EleanorScherrer19614@gmail.com
TAN,YUE,2000/04/03,1340085,東京都江戸川区南葛西,2-7-1,201室VTBG,8108046308466,virendershebag79031@gmail.com,virendershebag79031@gmail.com
TAN,YUE,2000/04/03,1340085,東京都江戸川区南葛西,2-7-1,201室CFNG,8108058443177,justrintrodoplay79921@gmail.com,justrintrodoplay79921@gmail.com
TAN,YUE,2000/04/03,1340085,東京都江戸川区南葛西,2-7-1,201室OQIC,8108027266253,kartinakaifact68921@gmail.com,kartinakaifact68921@gmail.com
TAN,YUE,2000/04/03,1340085,東京都江戸川区南葛西,2-7-1,201室FMDJ,8108090589897,ladithmalinga727519@gmail.com,ladithmalinga727519@gmail.com
TAN,YUE,2000/04/03,1340085,東京都江戸川区南葛西,2-7-1,201室HXBE,8108026878897,karishmakapor79021iqjwj@gmail.com,karishmakapor79021iqjwj@gmail.com
TAN,YUE,2000/04/03,1340085,東京都江戸川区南葛西,2-7-1,201室NVFW,8108075693276,shardulathakur68921@gmail.com,shardulathakur68921@gmail.com
TAN,YUE,2000/04/03,1340085,東京都江戸川区南葛西,2-7-1,201室CDDR,8108033332213,nelsonsmendela79021@gmail.com,nelsonsmendela79021@gmail.com
TAN,YUE,2000/04/03,1340085,東京都江戸川区南葛西,2-7-1,201室SFPO,8108055127997,akhiladhanjyasri78932@gmail.com,akhiladhanjyasri78932@gmail.com
TAN,YUE,2000/04/03,1340085,東京都江戸川区南葛西,2-7-1,201室NUHP,8108021204755,taigershorpactor68921@gmail.com,taigershorpactor68921@gmail.com
TAN,YUE,2000/04/03,1340085,東京都江戸川区南葛西,2-7-1,201室FJBZ,8108059624894,quintoondecokk27519@gmail.com,quintoondecokk27519@gmail.com
TAN,YUE,2000/04/03,1340085,東京都江戸川区南葛西,2-7-1,201室OJNG,8108072242678,EleanorScherrer19614@gmail.com,EleanorScherrer19614@gmail.com
TAN,YUE,2000/04/03,1340085,東京都江戸川区南葛西,2-7-1,201室VTBG,8108046308466,virendershebag79031@gmail.com,virendershebag79031@gmail.com
TAN,YUE,2000/04/03,1340085,東京都江戸川区南葛西,2-7-1,201室CFNG,8108058443177,justrintrodoplay79921@gmail.com,justrintrodoplay79921@gmail.com
TAN,YUE,2000/04/03,1340085,東京都江戸川区南葛西,2-7-1,201室OQIC,8108027266253,kartinakaifact68921@gmail.com,kartinakaifact68921@gmail.com
TAN,YUE,2000/04/03,1340085,東京都江戸川区南葛西,2-7-1,201室FMDJ,8108090589897,ladithmalinga727519@gmail.com,ladithmalinga727519@gmail.com
TAN,YUE,2000/04/03,1340085,東京都江戸川区南葛西,2-7-1,201室HXBE,8108026878897,karishmakapor79021iqjwj@gmail.com,karishmakapor79021iqjwj@gmail.com
TAN,YUE,2000/04/03,1340085,東京都江戸川区南葛西,2-7-1,201室NVFW,8108075693276,shardulathakur68921@gmail.com,shardulathakur68921@gmail.com
TAN,YUE,2000/04/03,1340085,東京都江戸川区南葛西,2-7-1,201室CDDR,8108033332213,nelsonsmendela79021@gmail.com,nelsonsmendela79021@gmail.com
TAN,YUE,2000/04/03,1340085,東京都江戸川区南葛西,2-7-1,201室SFPO,8108055127997,akhiladhanjyasri78932@gmail.com,akhiladhanjyasri78932@gmail.com
TAN,YUE,2000/04/03,1340085,東京都江戸川区南葛西,2-7-1,201室NUHP,8108021204755,taigershorpactor68921@gmail.com,taigershorpactor68921@gmail.com
TAN,YUE,2000/04/03,1340085,東京都江戸川区南葛西,2-7-1,201室FJBZ,8108059624894,quintoondecokk27519@gmail.com,quintoondecokk27519@gmail.com
TAN,YUE,2000/04/03,1340085,東京都江戸川区南葛西,2-7-1,201室OJNG,8108072242678,EleanorScherrer19614@gmail.com,EleanorScherrer19614@gmail.com
TAN,YUE,2000/04/03,1340085,東京都江戸川区南葛西,2-7-1,201室VTBG,8108046308466,virendershebag79031@gmail.com,virendershebag79031@gmail.com
TAN,YUE,2000/04/03,1340085,東京都江戸川区南葛西,2-7-1,201室CFNG,8108058443177,justrintrodoplay79921@gmail.com,justrintrodoplay79921@gmail.com
TAN,YUE,2000/04/03,1340085,東京都江戸川区南葛西,2-7-1,201室OQIC,8108027266253,kartinakaifact68921@gmail.com,kartinakaifact68921@gmail.com
TAN,YUE,2000/04/03,1340085,東京都江戸川区南葛西,2-7-1,201室FMDJ,8108090589897,ladithmalinga727519@gmail.com,ladithmalinga727519@gmail.com
TAN,YUE,2000/04/03,1340085,東京都江戸川区南葛西,2-7-1,201室HXBE,8108026878897,karishmakapor79021iqjwj@gmail.com,karishmakapor79021iqjwj@gmail.com
TAN,YUE,2000/04/03,1340085,東京都江戸川区南葛西,2-7-1,201室NVFW,8108075693276,shardulathakur68921@gmail.com,shardulathakur68921@gmail.com
TAN,YUE,2000/04/03,1340085,東京都江戸川区南葛西,2-7-1,201室CDDR,8108033332213,nelsonsmendela79021@gmail.com,nelsonsmendela79021@gmail.com
TAN,YUE,2000/04/03,1340085,東京都江戸川区南葛西,2-7-1,201室SFPO,8108055127997,akhiladhanjyasri78932@gmail.com,akhiladhanjyasri78932@gmail.com
TAN,YUE,2000/04/03,1340085,東京都江戸川区南葛西,2-7-1,201室NUHP,8108021204755,taigershorpactor68921@gmail.com,taigershorpactor68921@gmail.com
TAN,YUE,2000/04/03,1340085,東京都江戸川区南葛西,2-7-1,201室FJBZ,8108059624894,quintoondecokk27519@gmail.com,quintoondecokk27519@gmail.com
TAN,YUE,2000/04/03,1340085,東京都江戸川区南葛西,2-7-1,201室OJNG,8108072242678,EleanorScherrer19614@gmail.com,EleanorScherrer19614@gmail.com
TAN,YUE,2000/04/03,1340085,東京都江戸川区南葛西,2-7-1,201室VTBG,8108046308466,virendershebag79031@gmail.com,virendershebag79031@gmail.com
TAN,YUE,2000/04/03,1340085,東京都江戸川区南葛西,2-7-1,201室CFNG,8108058443177,justrintrodoplay79921@gmail.com,justrintrodoplay79921@gmail.com
TAN,YUE,2000/04/03,1340085,東京都江戸川区南葛西,2-7-1,201室OQIC,8108027266253,kartinakaifact68921@gmail.com,kartinakaifact68921@gmail.com
TAN,YUE,2000/04/03,1340085,東京都江戸川区南葛西,2-7-1,201室FMDJ,8108090589897,ladithmalinga727519@gmail.com,ladithmalinga727519@gmail.com
TAN,YUE,2000/04/03,1340085,東京都江戸川区南葛西,2-7-1,201室HXBE,8108026878897,karishmakapor79021iqjwj@gmail.com,karishmakapor79021iqjwj@gmail.com
TAN,YUE,2000/04/03,1340085,東京都江戸川区南葛西,2-7-1,201室NVFW,8108075693276,shardulathakur68921@gmail.com,shardulathakur68921@gmail.com
TAN,YUE,2000/04/03,1340085,東京都江戸川区南葛西,2-7-1,201室CDDR,8108033332213,nelsonsmendela79021@gmail.com,nelsonsmendela79021@gmail.com
TAN,YUE,2000/04/03,1340085,東京都江戸川区南葛西,2-7-1,201室SFPO,8108055127997,akhiladhanjyasri78932@gmail.com,akhiladhanjyasri78932@gmail.com
TAN,YUE,2000/04/03,1340085,東京都江戸川区南葛西,2-7-1,201室NUHP,8108021204755,taigershorpactor68921@gmail.com,taigershorpactor68921@gmail.com
TAN,YUE,2000/04/03,1340085,東京都江戸川区南葛西,2-7-1,201室FJBZ,8108059624894,quintoondecokk27519@gmail.com,quintoondecokk27519@gmail.com
TAN,YUE,2000/04/03,1340085,東京都江戸川区南葛西,2-7-1,201室OJNG,8108072242678,EleanorScherrer19614@gmail.com,EleanorScherrer19614@gmail.com
TAN,YUE,2000/04/03,1340085,東京都江戸川区南葛西,2-7-1,201室VTBG,8108046308466,virendershebag79031@gmail.com,virendershebag79031@gmail.com
TAN,YUE,2000/04/03,1340085,東京都江戸川区南葛西,2-7-1,201室CFNG,8108058443177,justrintrodoplay79921@gmail.com,justrintrodoplay79921@gmail.com
TAN,YUE,2000/04/03,1340085,東京都江戸川区南葛西,2-7-1,201室OQIC,8108027266253,kartinakaifact68921@gmail.com,kartinakaifact68921@gmail.com
TAN,YUE,2000/04/03,1340085,東京都江戸川区南葛西,2-7-1,201室FMDJ,8108090589897,ladithmalinga727519@gmail.com,ladithmalinga727519@gmail.com
TAN,YUE,2000/04/03,1340085,東京都江戸川区南葛西,2-7-1,201室HXBE,8108026878897,karishmakapor79021iqjwj@gmail.com,karishmakapor79021iqjwj@gmail.com
TAN,YUE,2000/04/03,1340085,東京都江戸川区南葛西,2-7-1,201室NVFW,8108075693276,shardulathakur68921@gmail.com,shardulathakur68921@gmail.com
TAN,YUE,2000/04/03,1340085,東京都江戸川区南葛西,2-7-1,201室CDDR,8108033332213,nelsonsmendela79021@gmail.com,nelsonsmendela79021@gmail.com
TAN,YUE,2000/04/03,1340085,東京都江戸川区南葛西,2-7-1,201室SFPO,8108055127997,akhiladhanjyasri78932@gmail.com,akhiladhanjyasri78932@gmail.com
TAN,YUE,2000/04/03,1340085,東京都江戸川区南葛西,2-7-1,201室NUHP,8108021204755,taigershorpactor68921@gmail.com,taigershorpactor68921@gmail.com
TAN,YUE,2000/04/03,1340085,東京都江戸川区南葛西,2-7-1,201室FJBZ,8108059624894,quintoondecokk27519@gmail.com,quintoondecokk27519@gmail.com
TAN,YUE,2000/04/03,1340085,東京都江戸川区南葛西,2-7-1,201室OJNG,8108072242678,EleanorScherrer19614@gmail.com,EleanorScherrer19614@gmail.com
TAN,YUE,2000/04/03,1340085,東京都江戸川区南葛西,2-7-1,201室VTBG,8108046308466,virendershebag79031@gmail.com,virendershebag79031@gmail.com
TAN,YUE,2000/04/03,1340085,東京都江戸川区南葛西,2-7-1,201室CFNG,8108058443177,justrintrodoplay79921@gmail.com,justrintrodoplay79921@gmail.com
TAN,YUE,2000/04/03,1340085,東京都江戸川区南葛西,2-7-1,201室OQIC,8108027266253,kartinakaifact68921@gmail.com,kartinakaifact68921@gmail.com
TAN,YUE,2000/04/03,1340085,東京都江戸川区南葛西,2-7-1,201室FMDJ,8108090589897,ladithmalinga727519@gmail.com,ladithmalinga727519@gmail.com
TAN,YUE,2000/04/03,1340085,東京都江戸川区南葛西,2-7-1,201室HXBE,8108026878897,karishmakapor79021iqjwj@gmail.com,karishmakapor79021iqjwj@gmail.com
TAN,YUE,2000/04/03,1340085,東京都江戸川区南葛西,2-7-1,201室NVFW,8108075693276,shardulathakur68921@gmail.com,shardulathakur68921@gmail.com
TAN,YUE,2000/04/03,1340085,東京都江戸川区南葛西,2-7-1,201室CDDR,8108033332213,nelsonsmendela79021@gmail.com,nelsonsmendela79021@gmail.com
TAN,YUE,2000/04/03,1340085,東京都江戸川区南葛西,2-7-1,201室SFPO,8108055127997,akhiladhanjyasri78932@gmail.com,akhiladhanjyasri78932@gmail.com
TAN,YUE,2000/04/03,1340085,東京都江戸川区南葛西,2-7-1,201室NUHP,8108021204755,taigershorpactor68921@gmail.com,taigershorpactor68921@gmail.com
TAN,YUE,2000/04/03,1340085,東京都江戸川区南葛西,2-7-1,201室FJBZ,8108059624894,quintoondecokk27519@gmail.com,quintoondecokk27519@gmail.com
TAN,YUE,2000/04/03,1340085,東京都江戸川区南葛西,2-7-1,201室OJNG,8108072242678,EleanorScherrer19614@gmail.com,EleanorScherrer19614@gmail.com
TAN,YUE,2000/04/03,1340085,東京都江戸川区南葛西,2-7-1,201室VTBG,8108046308466,virendershebag79031@gmail.com,virendershebag79031@gmail.com
TAN,YUE,2000/04/03,1340085,東京都江戸川区南葛西,2-7-1,201室CFNG,8108058443177,justrintrodoplay79921@gmail.com,justrintrodoplay79921@gmail.com
TAN,YUE,2000/04/03,1340085,東京都江戸川区南葛西,2-7-1,201室OQIC,8108027266253,kartinakaifact68921@gmail.com,kartinakaifact68921@gmail.com
TAN,YUE,2000/04/03,1340085,東京都江戸川区南葛西,2-7-1,201室FMDJ,8108090589897,ladithmalinga727519@gmail.com,ladithmalinga727519@gmail.com
TAN,YUE,2000/04/03,1340085,東京都江戸川区南葛西,2-7-1,201室HXBE,8108026878897,karishmakapor79021iqjwj@gmail.com,karishmakapor79021iqjwj@gmail.com
TAN,YUE,2000/04/03,1340085,東京都江戸川区南葛西,2-7-1,201室NVFW,8108075693276,shardulathakur68921@gmail.com,shardulathakur68921@gmail.com
TAN,YUE,2000/04/03,1340085,東京都江戸川区南葛西,2-7-1,201室CDDR,8108033332213,nelsonsmendela79021@gmail.com,nelsonsmendela79021@gmail.com
TAN,YUE,2000/04/03,1340085,東京都江戸川区南葛西,2-7-1,201室SFPO,8108055127997,akhiladhanjyasri78932@gmail.com,akhiladhanjyasri78932@gmail.com
TAN,YUE,2000/04/03,1340085,東京都江戸川区南葛西,2-7-1,201室NUHP,8108021204755,taigershorpactor68921@gmail.com,taigershorpactor68921@gmail.com
TAN,YUE,2000/04/03,1340085,東京都江戸川区南葛西,2-7-1,201室FJBZ,8108059624894,quintoondecokk27519@gmail.com,quintoondecokk27519@gmail.com
TAN,YUE,2000/04/03,1340085,東京都江戸川区南葛西,2-7-1,201室OJNG,8108072242678,EleanorScherrer19614@gmail.com,EleanorScherrer19614@gmail.com
TAN,YUE,2000/04/03,1340085,東京都江戸川区南葛西,2-7-1,201室VTBG,8108046308466,virendershebag79031@gmail.com,virendershebag79031@gmail.com
TAN,YUE,2000/04/03,1340085,東京都江戸川区南葛西,2-7-1,201室CFNG,8108058443177,justrintrodoplay79921@gmail.com,justrintrodoplay79921@gmail.com
TAN,YUE,2000/04/03,1340085,東京都江戸川区南葛西,2-7-1,201室OQIC,8108027266253,kartinakaifact68921@gmail.com,kartinakaifact68921@gmail.com
TAN,YUE,2000/04/03,1340085,東京都江戸川区南葛西,2-7-1,201室FMDJ,8108090589897,ladithmalinga727519@gmail.com,ladithmalinga727519@gmail.com
TAN,YUE,2000/04/03,1340085,東京都江戸川区南葛西,2-7-1,201室HXBE,8108026878897,karishmakapor79021iqjwj@gmail.com,karishmakapor79021iqjwj@gmail.com
TAN,YUE,2000/04/03,1340085,東京都江戸川区南葛西,2-7-1,201室NVFW,8108075693276,shardulathakur68921@gmail.com,shardulathakur68921@gmail.com
TAN,YUE,2000/04/03,1340085,東京都江戸川区南葛西,2-7-1,201室CDDR,8108033332213,nelsonsmendela79021@gmail.com,nelsonsmendela79021@gmail.com
TAN,YUE,2000/04/03,1340085,東京都江戸川区南葛西,2-7-1,201室SFPO,8108055127997,akhiladhanjyasri78932@gmail.com,akhiladhanjyasri78932@gmail.com
TAN,YUE,2000/04/03,1340085,東京都江戸川区南葛西,2-7-1,201室NUHP,8108021204755,taigershorpactor68921@gmail.com,taigershorpactor68921@gmail.com
TAN,YUE,2000/04/03,1340085,東京都江戸川区南葛西,2-7-1,201室FJBZ,8108059624894,quintoondecokk27519@gmail.com,quintoondecokk27519@gmail.com
TAN,YUE,2000/04/03,1340085,東京都江戸川区南葛西,2-7-1,201室OJNG,8108072242678,EleanorScherrer19614@gmail.com,EleanorScherrer19614@gmail.com
TAN,YUE,2000/04/03,1340085,東京都江戸川区南葛西,2-7-1,201室VTBG,8108046308466,virendershebag79031@gmail.com,virendershebag79031@gmail.com
TAN,YUE,2000/04/03,1340085,東京都江戸川区南葛西,2-7-1,201室CFNG,8108058443177,justrintrodoplay79921@gmail.com,justrintrodoplay79921@gmail.com
TAN,YUE,2000/04/03,1340085,東京都江戸川区南葛西,2-7-1,201室OQIC,8108027266253,kartinakaifact68921@gmail.com,kartinakaifact68921@gmail.com
TAN,YUE,2000/04/03,1340085,東京都江戸川区南葛西,2-7-1,201室FMDJ,8108090589897,ladithmalinga727519@gmail.com,ladithmalinga727519@gmail.com
TAN,YUE,2000/04/03,1340085,東京都江戸川区南葛西,2-7-1,201室HXBE,8108026878897,karishmakapor79021iqjwj@gmail.com,karishmakapor79021iqjwj@gmail.com
TAN,YUE,2000/04/03,1340085,東京都江戸川区南葛西,2-7-1,201室NVFW,8108075693276,shardulathakur68921@gmail.com,shardulathakur68921@gmail.com
TAN,YUE,2000/04/03,1340085,東京都江戸川区南葛西,2-7-1,201室CDDR,8108033332213,nelsonsmendela79021@gmail.com,nelsonsmendela79021@gmail.com
TAN,YUE,2000/04/03,1340085,東京都江戸川区南葛西,2-7-1,201室SFPO,8108055127997,akhiladhanjyasri78932@gmail.com,akhiladhanjyasri78932@gmail.com
TAN,YUE,2000/04/03,1340085,東京都江戸川区南葛西,2-7-1,201室NUHP,8108021204755,taigershorpactor68921@gmail.com,taigershorpactor68921@gmail.com
TAN,YUE,2000/04/03,1340085,東京都江戸川区南葛西,2-7-1,201室FJBZ,8108059624894,quintoondecokk27519@gmail.com,quintoondecokk27519@gmail.com
TAN,YUE,2000/04/03,1340085,東京都江戸川区南葛西,2-7-1,201室OJNG,8108072242678,EleanorScherrer19614@gmail.com,EleanorScherrer19614@gmail.com
TAN,YUE,2000/04/03,1340085,東京都江戸川区南葛西,2-7-1,201室VTBG,8108046308466,virendershebag79031@gmail.com,virendershebag79031@gmail.com
TAN,YUE,2000/04/03,1340085,東京都江戸川区南葛西,2-7-1,201室CFNG,8108058443177,justrintrodoplay79921@gmail.com,justrintrodoplay79921@gmail.com
TAN,YUE,2000/04/03,1340085,東京都江戸川区南葛西,2-7-1,201室OQIC,8108027266253,kartinakaifact68921@gmail.com,kartinakaifact68921@gmail.com
TAN,YUE,2000/04/03,1340085,東京都江戸川区南葛西,2-7-1,201室FMDJ,8108090589897,ladithmalinga727519@gmail.com,ladithmalinga727519@gmail.com
TAN,YUE,2000/04/03,1340085,東京都江戸川区南葛西,2-7-1,201室HXBE,8108026878897,karishmakapor79021iqjwj@gmail.com,karishmakapor79021iqjwj@gmail.com
TAN,YUE,2000/04/03,1340085,東京都江戸川区南葛西,2-7-1,201室NVFW,8108075693276,shardulathakur68921@gmail.com,shardulathakur68921@gmail.com
TAN,YUE,2000/04/03,1340085,東京都江戸川区南葛西,2-7-1,201室CDDR,8108033332213,nelsonsmendela79021@gmail.com,nelsonsmendela79021@gmail.com
TAN,YUE,2000/04/03,1340085,東京都江戸川区南葛西,2-7-1,201室SFPO,8108055127997,akhiladhanjyasri78932@gmail.com,akhiladhanjyasri78932@gmail.com
TAN,YUE,2000/04/03,1340085,東京都江戸川区南葛西,2-7-1,201室NUHP,8108021204755,taigershorpactor68921@gmail.com,taigershorpactor68921@gmail.com
TAN,YUE,2000/04/03,1340085,東京都江戸川区南葛西,2-7-1,201室FJBZ,8108059624894,quintoondecokk27519@gmail.com,quintoondecokk27519@gmail.com
TAN,YUE,2000/04/03,1340085,東京都江戸川区南葛西,2-7-1,201室OJNG,8108072242678,EleanorScherrer19614@gmail.com,EleanorScherrer19614@gmail.com
TAN,YUE,2000/04/03,1340085,東京都江戸川区南葛西,2-7-1,201室VTBG,8108046308466,virendershebag79031@gmail.com,virendershebag79031@gmail.com
TAN,YUE,2000/04/03,1340085,東京都江戸川区南葛西,2-7-1,201室CFNG,8108058443177,justrintrodoplay79921@gmail.com,justrintrodoplay79921@gmail.com
TAN,YUE,2000/04/03,1340085,東京都江戸川区南葛西,2-7-1,201室OQIC,8108027266253,kartinakaifact68921@gmail.com,kartinakaifact68921@gmail.com
TAN,YUE,2000/04/03,1340085,東京都江戸川区南葛西,2-7-1,201室FMDJ,8108090589897,ladithmalinga727519@gmail.com,ladithmalinga727519@gmail.com
TAN,YUE,2000/04/03,1340085,東京都江戸川区南葛西,2-7-1,201室HXBE,8108026878897,karishmakapor79021iqjwj@gmail.com,karishmakapor79021iqjwj@gmail.com
TAN,YUE,2000/04/03,1340085,東京都江戸川区南葛西,2-7-1,201室NVFW,8108075693276,shardulathakur68921@gmail.com,shardulathakur68921@gmail.com
TAN,YUE,2000/04/03,1340085,東京都江戸川区南葛西,2-7-1,201室CDDR,8108033332213,nelsonsmendela79021@gmail.com,nelsonsmendela79021@gmail.com
TAN,YUE,2000/04/03,1340085,東京都江戸川区南葛西,2-7-1,201室SFPO,8108055127997,akhiladhanjyasri78932@gmail.com,akhiladhanjyasri78932@gmail.com
TAN,YUE,2000/04/03,1340085,東京都江戸川区南葛西,2-7-1,201室NUHP,8108021204755,taigershorpactor68921@gmail.com,taigershorpactor68921@gmail.com
TAN,YUE,2000/04/03,1340085,東京都江戸川区南葛西,2-7-1,201室FJBZ,8108059624894,quintoondecokk27519@gmail.com,quintoondecokk27519@gmail.com
TAN,YUE,2000/04/03,1340085,東京都江戸川区南葛西,2-7-1,201室OJNG,8108072242678,EleanorScherrer19614@gmail.com,EleanorScherrer19614@gmail.com
TAN,YUE,2000/04/03,1340085,東京都江戸川区南葛西,2-7-1,201室VTBG,8108046308466,virendershebag79031@gmail.com,virendershebag79031@gmail.com
TAN,YUE,2000/04/03,1340085,東京都江戸川区南葛西,2-7-1,201室CFNG,8108058443177,justrintrodoplay79921@gmail.com,justrintrodoplay79921@gmail.com
TAN,YUE,2000/04/03,1340085,東京都江戸川区南葛西,2-7-1,201室OQIC,8108027266253,kartinakaifact68921@gmail.com,kartinakaifact68921@gmail.com
TAN,YUE,2000/04/03,1340085,東京都江戸川区南葛西,2-7-1,201室FMDJ,8108090589897,ladithmalinga727519@gmail.com,ladithmalinga727519@gmail.com
TAN,YUE,2000/04/03,1340085,東京都江戸川区南葛西,2-7-1,201室HXBE,8108026878897,karishmakapor79021iqjwj@gmail.com,karishmakapor79021iqjwj@gmail.com
TAN,YUE,2000/04/03,1340085,東京都江戸川区南葛西,2-7-1,201室NVFW,8108075693276,shardulathakur68921@gmail.com,shardulathakur68921@gmail.com
TAN,YUE,2000/04/03,1340085,東京都江戸川区南葛西,2-7-1,201室CDDR,8108033332213,nelsonsmendela79021@gmail.com,nelsonsmendela79021@gmail.com
TAN,YUE,2000/04/03,1340085,東京都江戸川区南葛西,2-7-1,201室SFPO,8108055127997,akhiladhanjyasri78932@gmail.com,akhiladhanjyasri78932@gmail.com
TAN,YUE,2000/04/03,1340085,東京都江戸川区南葛西,2-7-1,201室NUHP,8108021204755,taigershorpactor68921@gmail.com,taigershorpactor68921@gmail.com
TAN,YUE,2000/04/03,1340085,東京都江戸川区南葛西,2-7-1,201室FJBZ,8108059624894,quintoondecokk27519@gmail.com,quintoondecokk27519@gmail.com
TAN,YUE,2000/04/03,1340085,東京都江戸川区南葛西,2-7-1,201室OJNG,8108072242678,EleanorScherrer19614@gmail.com,EleanorScherrer19614@gmail.com
TAN,YUE,2000/04/03,1340085,東京都江戸川区南葛西,2-7-1,201室VTBG,8108046308466,virendershebag79031@gmail.com,virendershebag79031@gmail.com
TAN,YUE,2000/04/03,1340085,東京都江戸川区南葛西,2-7-1,201室CFNG,8108058443177,justrintrodoplay79921@gmail.com,justrintrodoplay79921@gmail.com
TAN,YUE,2000/04/03,1340085,東京都江戸川区南葛西,2-7-1,201室OQIC,8108027266253,kartinakaifact68921@gmail.com,kartinakaifact68921@gmail.com
TAN,YUE,2000/04/03,1340085,東京都江戸川区南葛西,2-7-1,201室FMDJ,8108090589897,ladithmalinga727519@gmail.com,ladithmalinga727519@gmail.com
TAN,YUE,2000/04/03,1340085,東京都江戸川区南葛西,2-7-1,201室HXBE,8108026878897,karishmakapor79021iqjwj@gmail.com,karishmakapor79021iqjwj@gmail.com
TAN,YUE,2000/04/03,1340085,東京都江戸川区南葛西,2-7-1,201室NVFW,8108075693276,shardulathakur68921@gmail.com,shardulathakur68921@gmail.com
TAN,YUE,2000/04/03,1340085,東京都江戸川区南葛西,2-7-1,201室CDDR,8108033332213,nelsonsmendela79021@gmail.com,nelsonsmendela79021@gmail.com
TAN,YUE,2000/04/03,1340085,東京都江戸川区南葛西,2-7-1,201室SFPO,8108055127997,akhiladhanjyasri78932@gmail.com,akhiladhanjyasri78932@gmail.com
TAN,YUE,2000/04/03,1340085,東京都江戸川区南葛西,2-7-1,201室NUHP,8108021204755,taigershorpactor68921@gmail.com,taigershorpactor68921@gmail.com
TAN,YUE,2000/04/03,1340085,東京都江戸川区南葛西,2-7-1,201室FJBZ,8108059624894,quintoondecokk27519@gmail.com,quintoondecokk27519@gmail.com
TAN,YUE,2000/04/03,1340085,東京都江戸川区南葛西,2-7-1,201室OJNG,8108072242678,EleanorScherrer19614@gmail.com,EleanorScherrer19614@gmail.com
TAN,YUE,2000/04/03,1340085,東京都江戸川区南葛西,2-7-1,201室VTBG,8108046308466,virendershebag79031@gmail.com,virendershebag79031@gmail.com
TAN,YUE,2000/04/03,1340085,東京都江戸川区南葛西,2-7-1,201室CFNG,8108058443177,justrintrodoplay79921@gmail.com,justrintrodoplay79921@gmail.com
TAN,YUE,2000/04/03,1340085,東京都江戸川区南葛西,2-7-1,201室OQIC,8108027266253,kartinakaifact68921@gmail.com,kartinakaifact68921@gmail.com
TAN,YUE,2000/04/03,1340085,東京都江戸川区南葛西,2-7-1,201室FMDJ,8108090589897,ladithmalinga727519@gmail.com,ladithmalinga727519@gmail.com
TAN,YUE,2000/04/03,1340085,東京都江戸川区南葛西,2-7-1,201室HXBE,8108026878897,karishmakapor79021iqjwj@gmail.com,karishmakapor79021iqjwj@gmail.com
TAN,YUE,2000/04/03,1340085,東京都江戸川区南葛西,2-7-1,201室NVFW,8108075693276,shardulathakur68921@gmail.com,shardulathakur68921@gmail.com
TAN,YUE,2000/04/03,1340085,東京都江戸川区南葛西,2-7-1,201室CDDR,8108033332213,nelsonsmendela79021@gmail.com,nelsonsmendela79021@gmail.com
TAN,YUE,2000/04/03,1340085,東京都江戸川区南葛西,2-7-1,201室SFPO,8108055127997,akhiladhanjyasri78932@gmail.com,akhiladhanjyasri78932@gmail.com
TAN,YUE,2000/04/03,1340085,東京都江戸川区南葛西,2-7-1,201室NUHP,8108021204755,taigershorpactor68921@gmail.com,taigershorpactor68921@gmail.com
TAN,YUE,2000/04/03,1340085,東京都江戸川区南葛西,2-7-1,201室FJBZ,8108059624894,quintoondecokk27519@gmail.com,quintoondecokk27519@gmail.com
TAN,YUE,2000/04/03,1340085,東京都江戸川区南葛西,2-7-1,201室OJNG,8108072242678,EleanorScherrer19614@gmail.com,EleanorScherrer19614@gmail.com
TAN,YUE,2000/04/03,1340085,東京都江戸川区南葛西,2-7-1,201室VTBG,8108046308466,virendershebag79031@gmail.com,virendershebag79031@gmail.com
TAN,YUE,2000/04/03,1340085,東京都江戸川区南葛西,2-7-1,201室CFNG,8108058443177,justrintrodoplay79921@gmail.com,justrintrodoplay79921@gmail.com
TAN,YUE,2000/04/03,1340085,東京都江戸川区南葛西,2-7-1,201室OQIC,8108027266253,kartinakaifact68921@gmail.com,kartinakaifact68921@gmail.com
TAN,YUE,2000/04/03,1340085,東京都江戸川区南葛西,2-7-1,201室FMDJ,8108090589897,ladithmalinga727519@gmail.com,ladithmalinga727519@gmail.com
TAN,YUE,2000/04/03,1340085,東京都江戸川区南葛西,2-7-1,201室HXBE,8108026878897,karishmakapor79021iqjwj@gmail.com,karishmakapor79021iqjwj@gmail.com
TAN,YUE,2000/04/03,1340085,東京都江戸川区南葛西,2-7-1,201室NVFW,8108075693276,shardulathakur68921@gmail.com,shardulathakur68921@gmail.com
TAN,YUE,2000/04/03,1340085,東京都江戸川区南葛西,2-7-1,201室CDDR,8108033332213,nelsonsmendela79021@gmail.com,nelsonsmendela79021@gmail.com
TAN,YUE,2000/04/03,1340085,東京都江戸川区南葛西,2-7-1,201室SFPO,8108055127997,akhiladhanjyasri78932@gmail.com,akhiladhanjyasri78932@gmail.com
TAN,YUE,2000/04/03,1340085,東京都江戸川区南葛西,2-7-1,201室NUHP,8108021204755,taigershorpactor68921@gmail.com,taigershorpactor68921@gmail.com
TAN,YUE,2000/04/03,1340085,東京都江戸川区南葛西,2-7-1,201室FJBZ,8108059624894,quintoondecokk27519@gmail.com,quintoondecokk27519@gmail.com
TAN,YUE,2000/04/03,1340085,東京都江戸川区南葛西,2-7-1,201室OJNG,8108072242678,EleanorScherrer19614@gmail.com,EleanorScherrer19614@gmail.com
TAN,YUE,2000/04/03,1340085,東京都江戸川区南葛西,2-7-1,201室VTBG,8108046308466,virendershebag79031@gmail.com,virendershebag79031@gmail.com
TAN,YUE,2000/04/03,1340085,東京都江戸川区南葛西,2-7-1,201室CFNG,8108058443177,justrintrodoplay79921@gmail.com,justrintrodoplay79921@gmail.com
TAN,YUE,2000/04/03,1340085,東京都江戸川区南葛西,2-7-1,201室OQIC,8108027266253,kartinakaifact68921@gmail.com,kartinakaifact68921@gmail.com
TAN,YUE,2000/04/03,1340085,東京都江戸川区南葛西,2-7-1,201室FMDJ,8108090589897,ladithmalinga727519@gmail.com,ladithmalinga727519@gmail.com
TAN,YUE,2000/04/03,1340085,東京都江戸川区南葛西,2-7-1,201室HXBE,8108026878897,karishmakapor79021iqjwj@gmail.com,karishmakapor79021iqjwj@gmail.com
TAN,YUE,2000/04/03,1340085,東京都江戸川区南葛西,2-7-1,201室NVFW,8108075693276,shardulathakur68921@gmail.com,shardulathakur68921@gmail.com
TAN,YUE,2000/04/03,1340085,東京都江戸川区南葛西,2-7-1,201室CDDR,8108033332213,nelsonsmendela79021@gmail.com,nelsonsmendela79021@gmail.com
TAN,YUE,2000/04/03,1340085,東京都江戸川区南葛西,2-7-1,201室SFPO,8108055127997,akhiladhanjyasri78932@gmail.com,akhiladhanjyasri78932@gmail.com
TAN,YUE,2000/04/03,1340085,東京都江戸川区南葛西,2-7-1,201室NUHP,8108021204755,taigershorpactor68921@gmail.com,taigershorpactor68921@gmail.com
TAN,YUE,2000/04/03,1340085,東京都江戸川区南葛西,2-7-1,201室FJBZ,8108059624894,quintoondecokk27519@gmail.com,quintoondecokk27519@gmail.com
TAN,YUE,2000/04/03,1340085,東京都江戸川区南葛西,2-7-1,201室OJNG,8108072242678,EleanorScherrer19614@gmail.com,EleanorScherrer19614@gmail.com
TAN,YUE,2000/04/03,1340085,東京都江戸川区南葛西,2-7-1,201室VTBG,8108046308466,virendershebag79031@gmail.com,virendershebag79031@gmail.com
TAN,YUE,2000/04/03,1340085,東京都江戸川区南葛西,2-7-1,201室CFNG,8108058443177,justrintrodoplay79921@gmail.com,justrintrodoplay79921@gmail.com
TAN,YUE,2000/04/03,1340085,東京都江戸川区南葛西,2-7-1,201室OQIC,8108027266253,kartinakaifact68921@gmail.com,kartinakaifact68921@gmail.com
TAN,YUE,2000/04/03,1340085,東京都江戸川区南葛西,2-7-1,201室FMDJ,8108090589897,ladithmalinga727519@gmail.com,ladithmalinga727519@gmail.com
TAN,YUE,2000/04/03,1340085,東京都江戸川区南葛西,2-7-1,201室HXBE,8108026878897,karishmakapor79021iqjwj@gmail.com,karishmakapor79021iqjwj@gmail.com
TAN,YUE,2000/04/03,1340085,東京都江戸川区南葛西,2-7-1,201室NVFW,8108075693276,shardulathakur68921@gmail.com,shardulathakur68921@gmail.com
TAN,YUE,2000/04/03,1340085,東京都江戸川区南葛西,2-7-1,201室CDDR,8108033332213,nelsonsmendela79021@gmail.com,nelsonsmendela79021@gmail.com
TAN,YUE,2000/04/03,1340085,東京都江戸川区南葛西,2-7-1,201室SFPO,8108055127997,akhiladhanjyasri78932@gmail.com,akhiladhanjyasri78932@gmail.com
TAN,YUE,2000/04/03,1340085,東京都江戸川区南葛西,2-7-1,201室NUHP,8108021204755,taigershorpactor68921@gmail.com,taigershorpactor68921@gmail.com
TAN,YUE,2000/04/03,1340085,東京都江戸川区南葛西,2-7-1,201室FJBZ,8108059624894,quintoondecokk27519@gmail.com,quintoondecokk27519@gmail.com
TAN,YUE,2000/04/03,1340085,東京都江戸川区南葛西,2-7-1,201室OJNG,8108072242678,EleanorScherrer19614@gmail.com,EleanorScherrer19614@gmail.com
TAN,YUE,2000/04/03,1340085,東京都江戸川区南葛西,2-7-1,201室VTBG,8108046308466,virendershebag79031@gmail.com,virendershebag79031@gmail.com
TAN,YUE,2000/04/03,1340085,東京都江戸川区南葛西,2-7-1,201室CFNG,8108058443177,justrintrodoplay79921@gmail.com,justrintrodoplay79921@gmail.com
TAN,YUE,2000/04/03,1340085,東京都江戸川区南葛西,2-7-1,201室OQIC,8108027266253,kartinakaifact68921@gmail.com,kartinakaifact68921@gmail.com
TAN,YUE,2000/04/03,1340085,東京都江戸川区南葛西,2-7-1,201室FMDJ,8108090589897,ladithmalinga727519@gmail.com,ladithmalinga727519@gmail.com
TAN,YUE,2000/04/03,1340085,東京都江戸川区南葛西,2-7-1,201室HXBE,8108026878897,karishmakapor79021iqjwj@gmail.com,karishmakapor79021iqjwj@gmail.com
TAN,YUE,2000/04/03,1340085,東京都江戸川区南葛西,2-7-1,201室NVFW,8108075693276,shardulathakur68921@gmail.com,shardulathakur68921@gmail.com
TAN,YUE,2000/04/03,1340085,東京都江戸川区南葛西,2-7-1,201室CDDR,8108033332213,nelsonsmendela79021@gmail.com,nelsonsmendela79021@gmail.com
TAN,YUE,2000/04/03,1340085,東京都江戸川区南葛西,2-7-1,201室SFPO,8108055127997,akhiladhanjyasri78932@gmail.com,akhiladhanjyasri78932@gmail.com
TAN,YUE,2000/04/03,1340085,東京都江戸川区南葛西,2-7-1,201室NUHP,8108021204755,taigershorpactor68921@gmail.com,taigershorpactor68921@gmail.com
TAN,YUE,2000/04/03,1340085,東京都江戸川区南葛西,2-7-1,201室FJBZ,8108059624894,quintoondecokk27519@gmail.com,quintoondecokk27519@gmail.com
TAN,YUE,2000/04/03,1340085,東京都江戸川区南葛西,2-7-1,201室OJNG,8108072242678,EleanorScherrer19614@gmail.com,EleanorScherrer19614@gmail.com
TAN,YUE,2000/04/03,1340085,東京都江戸川区南葛西,2-7-1,201室VTBG,8108046308466,virendershebag79031@gmail.com,virendershebag79031@gmail.com
TAN,YUE,2000/04/03,1340085,東京都江戸川区南葛西,2-7-1,201室CFNG,8108058443177,justrintrodoplay79921@gmail.com,justrintrodoplay79921@gmail.com
TAN,YUE,2000/04/03,1340085,東京都江戸川区南葛西,2-7-1,201室OQIC,8108027266253,kartinakaifact68921@gmail.com,kartinakaifact68921@gmail.com
TAN,YUE,2000/04/03,1340085,東京都江戸川区南葛西,2-7-1,201室FMDJ,8108090589897,ladithmalinga727519@gmail.com,ladithmalinga727519@gmail.com
TAN,YUE,2000/04/03,1340085,東京都江戸川区南葛西,2-7-1,201室HXBE,8108026878897,karishmakapor79021iqjwj@gmail.com,karishmakapor79021iqjwj@gmail.com
TAN,YUE,2000/04/03,1340085,東京都江戸川区南葛西,2-7-1,201室NVFW,8108075693276,shardulathakur68921@gmail.com,shardulathakur68921@gmail.com
TAN,YUE,2000/04/03,1340085,東京都江戸川区南葛西,2-7-1,201室CDDR,8108033332213,nelsonsmendela79021@gmail.com,nelsonsmendela79021@gmail.com
TAN,YUE,2000/04/03,1340085,東京都江戸川区南葛西,2-7-1,201室SFPO,8108055127997,akhiladhanjyasri78932@gmail.com,akhiladhanjyasri78932@gmail.com
TAN,YUE,2000/04/03,1340085,東京都江戸川区南葛西,2-7-1,201室NUHP,8108021204755,taigershorpactor68921@gmail.com,taigershorpactor68921@gmail.com
TAN,YUE,2000/04/03,1340085,東京都江戸川区南葛西,2-7-1,201室FJBZ,8108059624894,quintoondecokk27519@gmail.com,quintoondecokk27519@gmail.com
TAN,YUE,2000/04/03,1340085,東京都江戸川区南葛西,2-7-1,201室OJNG,8108072242678,EleanorScherrer19614@gmail.com,EleanorScherrer19614@gmail.com
TAN,YUE,2000/04/03,1340085,東京都江戸川区南葛西,2-7-1,201室VTBG,8108046308466,virendershebag79031@gmail.com,virendershebag79031@gmail.com
TAN,YUE,2000/04/03,1340085,東京都江戸川区南葛西,2-7-1,201室CFNG,8108058443177,justrintrodoplay79921@gmail.com,justrintrodoplay79921@gmail.com
TAN,YUE,2000/04/03,1340085,東京都江戸川区南葛西,2-7-1,201室OQIC,8108027266253,kartinakaifact68921@gmail.com,kartinakaifact68921@gmail.com
TAN,YUE,2000/04/03,1340085,東京都江戸川区南葛西,2-7-1,201室FMDJ,8108090589897,ladithmalinga727519@gmail.com,ladithmalinga727519@gmail.com
TAN,YUE,2000/04/03,1340085,東京都江戸川区南葛西,2-7-1,201室HXBE,8108026878897,karishmakapor79021iqjwj@gmail.com,karishmakapor79021iqjwj@gmail.com
TAN,YUE,2000/04/03,1340085,東京都江戸川区南葛西,2-7-1,201室NVFW,8108075693276,shardulathakur68921@gmail.com,shardulathakur68921@gmail.com
TAN,YUE,2000/04/03,1340085,東京都江戸川区南葛西,2-7-1,201室CDDR,8108033332213,nelsonsmendela79021@gmail.com,nelsonsmendela79021@gmail.com
TAN,YUE,2000/04/03,1340085,東京都江戸川区南葛西,2-7-1,201室SFPO,8108055127997,akhiladhanjyasri78932@gmail.com,akhiladhanjyasri78932@gmail.com
TAN,YUE,2000/04/03,1340085,東京都江戸川区南葛西,2-7-1,201室NUHP,8108021204755,taigershorpactor68921@gmail.com,taigershorpactor68921@gmail.com
TAN,YUE,2000/04/03,1340085,東京都江戸川区南葛西,2-7-1,201室FJBZ,8108059624894,quintoondecokk27519@gmail.com,quintoondecokk27519@gmail.com
TAN,YUE,2000/04/03,1340085,東京都江戸川区南葛西,2-7-1,201室OJNG,8108072242678,EleanorScherrer19614@gmail.com,EleanorScherrer19614@gmail.com
TAN,YUE,2000/04/03,1340085,東京都江戸川区南葛西,2-7-1,201室VTBG,8108046308466,virendershebag79031@gmail.com,virendershebag79031@gmail.com
TAN,YUE,2000/04/03,1340085,東京都江戸川区南葛西,2-7-1,201室CFNG,8108058443177,justrintrodoplay79921@gmail.com,justrintrodoplay79921@gmail.com
TAN,YUE,2000/04/03,1340085,東京都江戸川区南葛西,2-7-1,201室OQIC,8108027266253,kartinakaifact68921@gmail.com,kartinakaifact68921@gmail.com
TAN,YUE,2000/04/03,1340085,東京都江戸川区南葛西,2-7-1,201室FMDJ,8108090589897,ladithmalinga727519@gmail.com,ladithmalinga727519@gmail.com
TAN,YUE,2000/04/03,1340085,東京都江戸川区南葛西,2-7-1,201室HXBE,8108026878897,karishmakapor79021iqjwj@gmail.com,karishmakapor79021iqjwj@gmail.com
TAN,YUE,2000/04/03,1340085,東京都江戸川区南葛西,2-7-1,201室NVFW,8108075693276,shardulathakur68921@gmail.com,shardulathakur68921@gmail.com
TAN,YUE,2000/04/03,1340085,東京都江戸川区南葛西,2-7-1,201室CDDR,8108033332213,nelsonsmendela79021@gmail.com,nelsonsmendela79021@gmail.com
TAN,YUE,2000/04/03,1340085,東京都江戸川区南葛西,2-7-1,201室SFPO,8108055127997,akhiladhanjyasri78932@gmail.com,akhiladhanjyasri78932@gmail.com
TAN,YUE,2000/04/03,1340085,東京都江戸川区南葛西,2-7-1,201室NUHP,8108021204755,taigershorpactor68921@gmail.com,taigershorpactor68921@gmail.com
TAN,YUE,2000/04/03,1340085,東京都江戸川区南葛西,2-7-1,201室FJBZ,8108059624894,quintoondecokk27519@gmail.com,quintoondecokk27519@gmail.com
TAN,YUE,2000/04/03,1340085,東京都江戸川区南葛西,2-7-1,201室OJNG,8108072242678,EleanorScherrer19614@gmail.com,EleanorScherrer19614@gmail.com
TAN,YUE,2000/04/03,1340085,東京都江戸川区南葛西,2-7-1,201室VTBG,8108046308466,virendershebag79031@gmail.com,virendershebag79031@gmail.com
TAN,YUE,2000/04/03,1340085,東京都江戸川区南葛西,2-7-1,201室CFNG,8108058443177,justrintrodoplay79921@gmail.com,justrintrodoplay79921@gmail.com
TAN,YUE,2000/04/03,1340085,東京都江戸川区南葛西,2-7-1,201室OQIC,8108027266253,kartinakaifact68921@gmail.com,kartinakaifact68921@gmail.com
TAN,YUE,2000/04/03,1340085,東京都江戸川区南葛西,2-7-1,201室FMDJ,8108090589897,ladithmalinga727519@gmail.com,ladithmalinga727519@gmail.com
TAN,YUE,2000/04/03,1340085,東京都江戸川区南葛西,2-7-1,201室HXBE,8108026878897,karishmakapor79021iqjwj@gmail.com,karishmakapor79021iqjwj@gmail.com
TAN,YUE,2000/04/03,1340085,東京都江戸川区南葛西,2-7-1,201室NVFW,8108075693276,shardulathakur68921@gmail.com,shardulathakur68921@gmail.com
TAN,YUE,2000/04/03,1340085,東京都江戸川区南葛西,2-7-1,201室CDDR,8108033332213,nelsonsmendela79021@gmail.com,nelsonsmendela79021@gmail.com
TAN,YUE,2000/04/03,1340085,東京都江戸川区南葛西,2-7-1,201室SFPO,8108055127997,akhiladhanjyasri78932@gmail.com,akhiladhanjyasri78932@gmail.com
TAN,YUE,2000/04/03,1340085,東京都江戸川区南葛西,2-7-1,201室NUHP,8108021204755,taigershorpactor68921@gmail.com,taigershorpactor68921@gmail.com
TAN,YUE,2000/04/03,1340085,東京都江戸川区南葛西,2-7-1,201室FJBZ,8108059624894,quintoondecokk27519@gmail.com,quintoondecokk27519@gmail.com
TAN,YUE,2000/04/03,1340085,東京都江戸川区南葛西,2-7-1,201室OJNG,8108072242678,EleanorScherrer19614@gmail.com,EleanorScherrer19614@gmail.com
TAN,YUE,2000/04/03,1340085,東京都江戸川区南葛西,2-7-1,201室VTBG,8108046308466,virendershebag79031@gmail.com,virendershebag79031@gmail.com
TAN,YUE,2000/04/03,1340085,東京都江戸川区南葛西,2-7-1,201室CFNG,8108058443177,justrintrodoplay79921@gmail.com,justrintrodoplay79921@gmail.com
TAN,YUE,2000/04/03,1340085,東京都江戸川区南葛西,2-7-1,201室OQIC,8108027266253,kartinakaifact68921@gmail.com,kartinakaifact68921@gmail.com
TAN,YUE,2000/04/03,1340085,東京都江戸川区南葛西,2-7-1,201室FMDJ,8108090589897,ladithmalinga727519@gmail.com,ladithmalinga727519@gmail.com
TAN,YUE,2000/04/03,1340085,東京都江戸川区南葛西,2-7-1,201室HXBE,8108026878897,karishmakapor79021iqjwj@gmail.com,karishmakapor79021iqjwj@gmail.com
TAN,YUE,2000/04/03,1340085,東京都江戸川区南葛西,2-7-1,201室NVFW,8108075693276,shardulathakur68921@gmail.com,shardulathakur68921@gmail.com
TAN,YUE,2000/04/03,1340085,東京都江戸川区南葛西,2-7-1,201室CDDR,8108033332213,nelsonsmendela79021@gmail.com,nelsonsmendela79021@gmail.com
TAN,YUE,2000/04/03,1340085,東京都江戸川区南葛西,2-7-1,201室SFPO,8108055127997,akhiladhanjyasri78932@gmail.com,akhiladhanjyasri78932@gmail.com
TAN,YUE,2000/04/03,1340085,東京都江戸川区南葛西,2-7-1,201室NUHP,8108021204755,taigershorpactor68921@gmail.com,taigershorpactor68921@gmail.com
TAN,YUE,2000/04/03,1340085,東京都江戸川区南葛西,2-7-1,201室FJBZ,8108059624894,quintoondecokk27519@gmail.com,quintoondecokk27519@gmail.com
TAN,YUE,2000/04/03,1340085,東京都江戸川区南葛西,2-7-1,201室OJNG,8108072242678,EleanorScherrer19614@gmail.com,EleanorScherrer19614@gmail.com
TAN,YUE,2000/04/03,1340085,東京都江戸川区南葛西,2-7-1,201室VTBG,8108046308466,virendershebag79031@gmail.com,virendershebag79031@gmail.com
TAN,YUE,2000/04/03,1340085,東京都江戸川区南葛西,2-7-1,201室CFNG,8108058443177,justrintrodoplay79921@gmail.com,justrintrodoplay79921@gmail.com
TAN,YUE,2000/04/03,1340085,東京都江戸川区南葛西,2-7-1,201室OQIC,8108027266253,kartinakaifact68921@gmail.com,kartinakaifact68921@gmail.com
TAN,YUE,2000/04/03,1340085,東京都江戸川区南葛西,2-7-1,201室FMDJ,8108090589897,ladithmalinga727519@gmail.com,ladithmalinga727519@gmail.com
TAN,YUE,2000/04/03,1340085,東京都江戸川区南葛西,2-7-1,201室HXBE,8108026878897,karishmakapor79021iqjwj@gmail.com,karishmakapor79021iqjwj@gmail.com
TAN,YUE,2000/04/03,1340085,東京都江戸川区南葛西,2-7-1,201室NVFW,8108075693276,shardulathakur68921@gmail.com,shardulathakur68921@gmail.com
TAN,YUE,2000/04/03,1340085,東京都江戸川区南葛西,2-7-1,201室CDDR,8108033332213,nelsonsmendela79021@gmail.com,nelsonsmendela79021@gmail.com
TAN,YUE,2000/04/03,1340085,東京都江戸川区南葛西,2-7-1,201室SFPO,8108055127997,akhiladhanjyasri78932@gmail.com,akhiladhanjyasri78932@gmail.com
TAN,YUE,2000/04/03,1340085,東京都江戸川区南葛西,2-7-1,201室NUHP,8108021204755,taigershorpactor68921@gmail.com,taigershorpactor68921@gmail.com
TAN,YUE,2000/04/03,1340085,東京都江戸川区南葛西,2-7-1,201室FJBZ,8108059624894,quintoondecokk27519@gmail.com,quintoondecokk27519@gmail.com
TAN,YUE,2000/04/03,1340085,東京都江戸川区南葛西,2-7-1,201室OJNG,8108072242678,EleanorScherrer19614@gmail.com,EleanorScherrer19614@gmail.com
TAN,YUE,2000/04/03,1340085,東京都江戸川区南葛西,2-7-1,201室VTBG,8108046308466,virendershebag79031@gmail.com,virendershebag79031@gmail.com
TAN,YUE,2000/04/03,1340085,東京都江戸川区南葛西,2-7-1,201室CFNG,8108058443177,justrintrodoplay79921@gmail.com,justrintrodoplay79921@gmail.com
TAN,YUE,2000/04/03,1340085,東京都江戸川区南葛西,2-7-1,201室OQIC,8108027266253,kartinakaifact68921@gmail.com,kartinakaifact68921@gmail.com
TAN,YUE,2000/04/03,1340085,東京都江戸川区南葛西,2-7-1,201室FMDJ,8108090589897,ladithmalinga727519@gmail.com,ladithmalinga727519@gmail.com
TAN,YUE,2000/04/03,1340085,東京都江戸川区南葛西,2-7-1,201室HXBE,8108026878897,karishmakapor79021iqjwj@gmail.com,karishmakapor79021iqjwj@gmail.com
TAN,YUE,2000/04/03,1340085,東京都江戸川区南葛西,2-7-1,201室NVFW,8108075693276,shardulathakur68921@gmail.com,shardulathakur68921@gmail.com
TAN,YUE,2000/04/03,1340085,東京都江戸川区南葛西,2-7-1,201室CDDR,8108033332213,nelsonsmendela79021@gmail.com,nelsonsmendela79021@gmail.com
TAN,YUE,2000/04/03,1340085,東京都江戸川区南葛西,2-7-1,201室SFPO,8108055127997,akhiladhanjyasri78932@gmail.com,akhiladhanjyasri78932@gmail.com
TAN,YUE,2000/04/03,1340085,東京都江戸川区南葛西,2-7-1,201室NUHP,8108021204755,taigershorpactor68921@gmail.com,taigershorpactor68921@gmail.com
TAN,YUE,2000/04/03,1340085,東京都江戸川区南葛西,2-7-1,201室FJBZ,8108059624894,quintoondecokk27519@gmail.com,quintoondecokk27519@gmail.com
TAN,YUE,2000/04/03,1340085,東京都江戸川区南葛西,2-7-1,201室OJNG,8108072242678,EleanorScherrer19614@gmail.com,EleanorScherrer19614@gmail.com
TAN,YUE,2000/04/03,1340085,東京都江戸川区南葛西,2-7-1,201室VTBG,8108046308466,virendershebag79031@gmail.com,virendershebag79031@gmail.com
TAN,YUE,2000/04/03,1340085,東京都江戸川区南葛西,2-7-1,201室CFNG,8108058443177,justrintrodoplay79921@gmail.com,justrintrodoplay79921@gmail.com
TAN,YUE,2000/04/03,1340085,東京都江戸川区南葛西,2-7-1,201室OQIC,8108027266253,kartinakaifact68921@gmail.com,kartinakaifact68921@gmail.com
TAN,YUE,2000/04/03,1340085,東京都江戸川区南葛西,2-7-1,201室FMDJ,8108090589897,ladithmalinga727519@gmail.com,ladithmalinga727519@gmail.com
TAN,YUE,2000/04/03,1340085,東京都江戸川区南葛西,2-7-1,201室HXBE,8108026878897,karishmakapor79021iqjwj@gmail.com,karishmakapor79021iqjwj@gmail.com
TAN,YUE,2000/04/03,1340085,東京都江戸川区南葛西,2-7-1,201室NVFW,8108075693276,shardulathakur68921@gmail.com,shardulathakur68921@gmail.com
TAN,YUE,2000/04/03,1340085,東京都江戸川区南葛西,2-7-1,201室CDDR,8108033332213,nelsonsmendela79021@gmail.com,nelsonsmendela79021@gmail.com
TAN,YUE,2000/04/03,1340085,東京都江戸川区南葛西,2-7-1,201室SFPO,8108055127997,akhiladhanjyasri78932@gmail.com,akhiladhanjyasri78932@gmail.com
TAN,YUE,2000/04/03,1340085,東京都江戸川区南葛西,2-7-1,201室NUHP,8108021204755,taigershorpactor68921@gmail.com,taigershorpactor68921@gmail.com
TAN,YUE,2000/04/03,1340085,東京都江戸川区南葛西,2-7-1,201室FJBZ,8108059624894,quintoondecokk27519@gmail.com,quintoondecokk27519@gmail.com
TAN,YUE,2000/04/03,1340085,東京都江戸川区南葛西,2-7-1,201室OJNG,8108072242678,EleanorScherrer19614@gmail.com,EleanorScherrer19614@gmail.com
TAN,YUE,2000/04/03,1340085,東京都江戸川区南葛西,2-7-1,201室VTBG,8108046308466,virendershebag79031@gmail.com,virendershebag79031@gmail.com
TAN,YUE,2000/04/03,1340085,東京都江戸川区南葛西,2-7-1,201室CFNG,8108058443177,justrintrodoplay79921@gmail.com,justrintrodoplay79921@gmail.com
TAN,YUE,2000/04/03,1340085,東京都江戸川区南葛西,2-7-1,201室OQIC,8108027266253,kartinakaifact68921@gmail.com,kartinakaifact68921@gmail.com
TAN,YUE,2000/04/03,1340085,東京都江戸川区南葛西,2-7-1,201室FMDJ,8108090589897,ladithmalinga727519@gmail.com,ladithmalinga727519@gmail.com
TAN,YUE,2000/04/03,1340085,東京都江戸川区南葛西,2-7-1,201室HXBE,8108026878897,karishmakapor79021iqjwj@gmail.com,karishmakapor79021iqjwj@gmail.com
TAN,YUE,2000/04/03,1340085,東京都江戸川区南葛西,2-7-1,201室NVFW,8108075693276,shardulathakur68921@gmail.com,shardulathakur68921@gmail.com
TAN,YUE,2000/04/03,1340085,東京都江戸川区南葛西,2-7-1,201室CDDR,8108033332213,nelsonsmendela79021@gmail.com,nelsonsmendela79021@gmail.com
TAN,YUE,2000/04/03,1340085,東京都江戸川区南葛西,2-7-1,201室SFPO,8108055127997,akhiladhanjyasri78932@gmail.com,akhiladhanjyasri78932@gmail.com
TAN,YUE,2000/04/03,1340085,東京都江戸川区南葛西,2-7-1,201室NUHP,8108021204755,taigershorpactor68921@gmail.com,taigershorpactor68921@gmail.com
TAN,YUE,2000/04/03,1340085,東京都江戸川区南葛西,2-7-1,201室FJBZ,8108059624894,quintoondecokk27519@gmail.com,quintoondecokk27519@gmail.com
TAN,YUE,2000/04/03,1340085,東京都江戸川区南葛西,2-7-1,201室OJNG,8108072242678,EleanorScherrer19614@gmail.com,EleanorScherrer19614@gmail.com
TAN,YUE,2000/04/03,1340085,東京都江戸川区南葛西,2-7-1,201室VTBG,8108046308466,virendershebag79031@gmail.com,virendershebag79031@gmail.com
TAN,YUE,2000/04/03,1340085,東京都江戸川区南葛西,2-7-1,201室CFNG,8108058443177,justrintrodoplay79921@gmail.com,justrintrodoplay79921@gmail.com
TAN,YUE,2000/04/03,1340085,東京都江戸川区南葛西,2-7-1,201室OQIC,8108027266253,kartinakaifact68921@gmail.com,kartinakaifact68921@gmail.com
TAN,YUE,2000/04/03,1340085,東京都江戸川区南葛西,2-7-1,201室FMDJ,8108090589897,ladithmalinga727519@gmail.com,ladithmalinga727519@gmail.com
TAN,YUE,2000/04/03,1340085,東京都江戸川区南葛西,2-7-1,201室HXBE,8108026878897,karishmakapor79021iqjwj@gmail.com,karishmakapor79021iqjwj@gmail.com
TAN,YUE,2000/04/03,1340085,東京都江戸川区南葛西,2-7-1,201室NVFW,8108075693276,shardulathakur68921@gmail.com,shardulathakur68921@gmail.com
TAN,YUE,2000/04/03,1340085,東京都江戸川区南葛西,2-7-1,201室CDDR,8108033332213,nelsonsmendela79021@gmail.com,nelsonsmendela79021@gmail.com
TAN,YUE,2000/04/03,1340085,東京都江戸川区南葛西,2-7-1,201室SFPO,8108055127997,akhiladhanjyasri78932@gmail.com,akhiladhanjyasri78932@gmail.com
TAN,YUE,2000/04/03,1340085,東京都江戸川区南葛西,2-7-1,201室NUHP,8108021204755,taigershorpactor68921@gmail.com,taigershorpactor68921@gmail.com
TAN,YUE,2000/04/03,1340085,東京都江戸川区南葛西,2-7-1,201室FJBZ,8108059624894,quintoondecokk27519@gmail.com,quintoondecokk27519@gmail.com
TAN,YUE,2000/04/03,1340085,東京都江戸川区南葛西,2-7-1,201室OJNG,8108072242678,EleanorScherrer19614@gmail.com,EleanorScherrer19614@gmail.com
TAN,YUE,2000/04/03,1340085,東京都江戸川区南葛西,2-7-1,201室VTBG,8108046308466,virendershebag79031@gmail.com,virendershebag79031@gmail.com
TAN,YUE,2000/04/03,1340085,東京都江戸川区南葛西,2-7-1,201室CFNG,8108058443177,justrintrodoplay79921@gmail.com,justrintrodoplay79921@gmail.com
TAN,YUE,2000/04/03,1340085,東京都江戸川区南葛西,2-7-1,201室OQIC,8108027266253,kartinakaifact68921@gmail.com,kartinakaifact68921@gmail.com
TAN,YUE,2000/04/03,1340085,東京都江戸川区南葛西,2-7-1,201室FMDJ,8108090589897,ladithmalinga727519@gmail.com,ladithmalinga727519@gmail.com
TAN,YUE,2000/04/03,1340085,東京都江戸川区南葛西,2-7-1,201室HXBE,8108026878897,karishmakapor79021iqjwj@gmail.com,karishmakapor79021iqjwj@gmail.com
TAN,YUE,2000/04/03,1340085,東京都江戸川区南葛西,2-7-1,201室NVFW,8108075693276,shardulathakur68921@gmail.com,shardulathakur68921@gmail.com
TAN,YUE,2000/04/03,1340085,東京都江戸川区南葛西,2-7-1,201室CDDR,8108033332213,nelsonsmendela79021@gmail.com,nelsonsmendela79021@gmail.com
TAN,YUE,2000/04/03,1340085,東京都江戸川区南葛西,2-7-1,201室SFPO,8108055127997,akhiladhanjyasri78932@gmail.com,akhiladhanjyasri78932@gmail.com
TAN,YUE,2000/04/03,1340085,東京都江戸川区南葛西,2-7-1,201室NUHP,8108021204755,taigershorpactor68921@gmail.com,taigershorpactor68921@gmail.com
TAN,YUE,2000/04/03,1340085,東京都江戸川区南葛西,2-7-1,201室FJBZ,8108059624894,quintoondecokk27519@gmail.com,quintoondecokk27519@gmail.com
TAN,YUE,2000/04/03,1340085,東京都江戸川区南葛西,2-7-1,201室OJNG,8108072242678,EleanorScherrer19614@gmail.com,EleanorScherrer19614@gmail.com
TAN,YUE,2000/04/03,1340085,東京都江戸川区南葛西,2-7-1,201室VTBG,8108046308466,virendershebag79031@gmail.com,virendershebag79031@gmail.com
TAN,YUE,2000/04/03,1340085,東京都江戸川区南葛西,2-7-1,201室CFNG,8108058443177,justrintrodoplay79921@gmail.com,justrintrodoplay79921@gmail.com
TAN,YUE,2000/04/03,1340085,東京都江戸川区南葛西,2-7-1,201室OQIC,8108027266253,kartinakaifact68921@gmail.com,kartinakaifact68921@gmail.com
TAN,YUE,2000/04/03,1340085,東京都江戸川区南葛西,2-7-1,201室FMDJ,8108090589897,ladithmalinga727519@gmail.com,ladithmalinga727519@gmail.com
TAN,YUE,2000/04/03,1340085,東京都江戸川区南葛西,2-7-1,201室HXBE,8108026878897,karishmakapor79021iqjwj@gmail.com,karishmakapor79021iqjwj@gmail.com
TAN,YUE,2000/04/03,1340085,東京都江戸川区南葛西,2-7-1,201室NVFW,8108075693276,shardulathakur68921@gmail.com,shardulathakur68921@gmail.com
TAN,YUE,2000/04/03,1340085,東京都江戸川区南葛西,2-7-1,201室CDDR,8108033332213,nelsonsmendela79021@gmail.com,nelsonsmendela79021@gmail.com
TAN,YUE,2000/04/03,1340085,東京都江戸川区南葛西,2-7-1,201室SFPO,8108055127997,akhiladhanjyasri78932@gmail.com,akhiladhanjyasri78932@gmail.com
TAN,YUE,2000/04/03,1340085,東京都江戸川区南葛西,2-7-1,201室NUHP,8108021204755,taigershorpactor68921@gmail.com,taigershorpactor68921@gmail.com
TAN,YUE,2000/04/03,1340085,東京都江戸川区南葛西,2-7-1,201室FJBZ,8108059624894,quintoondecokk27519@gmail.com,quintoondecokk27519@gmail.com
TAN,YUE,2000/04/03,1340085,東京都江戸川区南葛西,2-7-1,201室OJNG,8108072242678,EleanorScherrer19614@gmail.com,EleanorScherrer19614@gmail.com
TAN,YUE,2000/04/03,1340085,東京都江戸川区南葛西,2-7-1,201室VTBG,8108046308466,virendershebag79031@gmail.com,virendershebag79031@gmail.com
TAN,YUE,2000/04/03,1340085,東京都江戸川区南葛西,2-7-1,201室CFNG,8108058443177,justrintrodoplay79921@gmail.com,justrintrodoplay79921@gmail.com
TAN,YUE,2000/04/03,1340085,東京都江戸川区南葛西,2-7-1,201室OQIC,8108027266253,kartinakaifact68921@gmail.com,kartinakaifact68921@gmail.com
TAN,YUE,2000/04/03,1340085,東京都江戸川区南葛西,2-7-1,201室FMDJ,8108090589897,ladithmalinga727519@gmail.com,ladithmalinga727519@gmail.com
TAN,YUE,2000/04/03,1340085,東京都江戸川区南葛西,2-7-1,201室HXBE,8108026878897,karishmakapor79021iqjwj@gmail.com,karishmakapor79021iqjwj@gmail.com
TAN,YUE,2000/04/03,1340085,東京都江戸川区南葛西,2-7-1,201室NVFW,8108075693276,shardulathakur68921@gmail.com,shardulathakur68921@gmail.com
TAN,YUE,2000/04/03,1340085,東京都江戸川区南葛西,2-7-1,201室CDDR,8108033332213,nelsonsmendela79021@gmail.com,nelsonsmendela79021@gmail.com
TAN,YUE,2000/04/03,1340085,東京都江戸川区南葛西,2-7-1,201室SFPO,8108055127997,akhiladhanjyasri78932@gmail.com,akhiladhanjyasri78932@gmail.com
TAN,YUE,2000/04/03,1340085,東京都江戸川区南葛西,2-7-1,201室NUHP,8108021204755,taigershorpactor68921@gmail.com,taigershorpactor68921@gmail.com
TAN,YUE,2000/04/03,1340085,東京都江戸川区南葛西,2-7-1,201室FJBZ,8108059624894,quintoondecokk27519@gmail.com,quintoondecokk27519@gmail.com
TAN,YUE,2000/04/03,1340085,東京都江戸川区南葛西,2-7-1,201室OJNG,8108072242678,EleanorScherrer19614@gmail.com,EleanorScherrer19614@gmail.com
TAN,YUE,2000/04/03,1340085,東京都江戸川区南葛西,2-7-1,201室VTBG,8108046308466,virendershebag79031@gmail.com,virendershebag79031@gmail.com
TAN,YUE,2000/04/03,1340085,東京都江戸川区南葛西,2-7-1,201室CFNG,8108058443177,justrintrodoplay79921@gmail.com,justrintrodoplay79921@gmail.com
TAN,YUE,2000/04/03,1340085,東京都江戸川区南葛西,2-7-1,201室OQIC,8108027266253,kartinakaifact68921@gmail.com,kartinakaifact68921@gmail.com
TAN,YUE,2000/04/03,1340085,東京都江戸川区南葛西,2-7-1,201室FMDJ,8108090589897,ladithmalinga727519@gmail.com,ladithmalinga727519@gmail.com
TAN,YUE,2000/04/03,1340085,東京都江戸川区南葛西,2-7-1,201室HXBE,8108026878897,karishmakapor79021iqjwj@gmail.com,karishmakapor79021iqjwj@gmail.com
TAN,YUE,2000/04/03,1340085,東京都江戸川区南葛西,2-7-1,201室NVFW,8108075693276,shardulathakur68921@gmail.com,shardulathakur68921@gmail.com
TAN,YUE,2000/04/03,1340085,東京都江戸川区南葛西,2-7-1,201室CDDR,8108033332213,nelsonsmendela79021@gmail.com,nelsonsmendela79021@gmail.com
TAN,YUE,2000/04/03,1340085,東京都江戸川区南葛西,2-7-1,201室SFPO,8108055127997,akhiladhanjyasri78932@gmail.com,akhiladhanjyasri78932@gmail.com
TAN,YUE,2000/04/03,1340085,東京都江戸川区南葛西,2-7-1,201室NUHP,8108021204755,taigershorpactor68921@gmail.com,taigershorpactor68921@gmail.com
TAN,YUE,2000/04/03,1340085,東京都江戸川区南葛西,2-7-1,201室FJBZ,8108059624894,quintoondecokk27519@gmail.com,quintoondecokk27519@gmail.com
TAN,YUE,2000/04/03,1340085,東京都江戸川区南葛西,2-7-1,201室OJNG,8108072242678,EleanorScherrer19614@gmail.com,EleanorScherrer19614@gmail.com
TAN,YUE,2000/04/03,1340085,東京都江戸川区南葛西,2-7-1,201室VTBG,8108046308466,virendershebag79031@gmail.com,virendershebag79031@gmail.com
TAN,YUE,2000/04/03,1340085,東京都江戸川区南葛西,2-7-1,201室CFNG,8108058443177,justrintrodoplay79921@gmail.com,justrintrodoplay79921@gmail.com
TAN,YUE,2000/04/03,1340085,東京都江戸川区南葛西,2-7-1,201室OQIC,8108027266253,kartinakaifact68921@gmail.com,kartinakaifact68921@gmail.com
TAN,YUE,2000/04/03,1340085,東京都江戸川区南葛西,2-7-1,201室FMDJ,8108090589897,ladithmalinga727519@gmail.com,ladithmalinga727519@gmail.com
TAN,YUE,2000/04/03,1340085,東京都江戸川区南葛西,2-7-1,201室HXBE,8108026878897,karishmakapor79021iqjwj@gmail.com,karishmakapor79021iqjwj@gmail.com
TAN,YUE,2000/04/03,1340085,東京都江戸川区南葛西,2-7-1,201室NVFW,8108075693276,shardulathakur68921@gmail.com,shardulathakur68921@gmail.com
TAN,YUE,2000/04/03,1340085,東京都江戸川区南葛西,2-7-1,201室CDDR,8108033332213,nelsonsmendela79021@gmail.com,nelsonsmendela79021@gmail.com
TAN,YUE,2000/04/03,1340085,東京都江戸川区南葛西,2-7-1,201室SFPO,8108055127997,akhiladhanjyasri78932@gmail.com,akhiladhanjyasri78932@gmail.com
TAN,YUE,2000/04/03,1340085,東京都江戸川区南葛西,2-7-1,201室NUHP,8108021204755,taigershorpactor68921@gmail.com,taigershorpactor68921@gmail.com
TAN,YUE,2000/04/03,1340085,東京都江戸川区南葛西,2-7-1,201室FJBZ,8108059624894,quintoondecokk27519@gmail.com,quintoondecokk27519@gmail.com
TAN,YUE,2000/04/03,1340085,東京都江戸川区南葛西,2-7-1,201室OJNG,8108072242678,EleanorScherrer19614@gmail.com,EleanorScherrer19614@gmail.com
TAN,YUE,2000/04/03,1340085,東京都江戸川区南葛西,2-7-1,201室VTBG,8108046308466,virendershebag79031@gmail.com,virendershebag79031@gmail.com
TAN,YUE,2000/04/03,1340085,東京都江戸川区南葛西,2-7-1,201室CFNG,8108058443177,justrintrodoplay79921@gmail.com,justrintrodoplay79921@gmail.com
TAN,YUE,2000/04/03,1340085,東京都江戸川区南葛西,2-7-1,201室OQIC,8108027266253,kartinakaifact68921@gmail.com,kartinakaifact68921@gmail.com
TAN,YUE,2000/04/03,1340085,東京都江戸川区南葛西,2-7-1,201室FMDJ,8108090589897,ladithmalinga727519@gmail.com,ladithmalinga727519@gmail.com
TAN,YUE,2000/04/03,1340085,東京都江戸川区南葛西,2-7-1,201室HXBE,8108026878897,karishmakapor79021iqjwj@gmail.com,karishmakapor79021iqjwj@gmail.com
TAN,YUE,2000/04/03,1340085,東京都江戸川区南葛西,2-7-1,201室NVFW,8108075693276,shardulathakur68921@gmail.com,shardulathakur68921@gmail.com
TAN,YUE,2000/04/03,1340085,東京都江戸川区南葛西,2-7-1,201室CDDR,8108033332213,nelsonsmendela79021@gmail.com,nelsonsmendela79021@gmail.com
TAN,YUE,2000/04/03,1340085,東京都江戸川区南葛西,2-7-1,201室SFPO,8108055127997,akhiladhanjyasri78932@gmail.com,akhiladhanjyasri78932@gmail.com
TAN,YUE,2000/04/03,1340085,東京都江戸川区南葛西,2-7-1,201室NUHP,8108021204755,taigershorpactor68921@gmail.com,taigershorpactor68921@gmail.com
TAN,YUE,2000/04/03,1340085,東京都江戸川区南葛西,2-7-1,201室FJBZ,8108059624894,quintoondecokk27519@gmail.com,quintoondecokk27519@gmail.com
TAN,YUE,2000/04/03,1340085,東京都江戸川区南葛西,2-7-1,201室OJNG,8108072242678,EleanorScherrer19614@gmail.com,EleanorScherrer19614@gmail.com
TAN,YUE,2000/04/03,1340085,東京都江戸川区南葛西,2-7-1,201室VTBG,8108046308466,virendershebag79031@gmail.com,virendershebag79031@gmail.com
TAN,YUE,2000/04/03,1340085,東京都江戸川区南葛西,2-7-1,201室CFNG,8108058443177,justrintrodoplay79921@gmail.com,justrintrodoplay79921@gmail.com
TAN,YUE,2000/04/03,1340085,東京都江戸川区南葛西,2-7-1,201室OQIC,8108027266253,kartinakaifact68921@gmail.com,kartinakaifact68921@gmail.com
TAN,YUE,2000/04/03,1340085,東京都江戸川区南葛西,2-7-1,201室FMDJ,8108090589897,ladithmalinga727519@gmail.com,ladithmalinga727519@gmail.com
TAN,YUE,2000/04/03,1340085,東京都江戸川区南葛西,2-7-1,201室HXBE,8108026878897,karishmakapor79021iqjwj@gmail.com,karishmakapor79021iqjwj@gmail.com
TAN,YUE,2000/04/03,1340085,東京都江戸川区南葛西,2-7-1,201室NVFW,8108075693276,shardulathakur68921@gmail.com,shardulathakur68921@gmail.com
TAN,YUE,2000/04/03,1340085,東京都江戸川区南葛西,2-7-1,201室CDDR,8108033332213,nelsonsmendela79021@gmail.com,nelsonsmendela79021@gmail.com
TAN,YUE,2000/04/03,1340085,東京都江戸川区南葛西,2-7-1,201室SFPO,8108055127997,akhiladhanjyasri78932@gmail.com,akhiladhanjyasri78932@gmail.com
TAN,YUE,2000/04/03,1340085,東京都江戸川区南葛西,2-7-1,201室NUHP,8108021204755,taigershorpactor68921@gmail.com,taigershorpactor68921@gmail.com
TAN,YUE,2000/04/03,1340085,東京都江戸川区南葛西,2-7-1,201室FJBZ,8108059624894,quintoondecokk27519@gmail.com,quintoondecokk27519@gmail.com
TAN,YUE,2000/04/03,1340085,東京都江戸川区南葛西,2-7-1,201室OJNG,8108072242678,EleanorScherrer19614@gmail.com,EleanorScherrer19614@gmail.com
TAN,YUE,2000/04/03,1340085,東京都江戸川区南葛西,2-7-1,201室VTBG,8108046308466,virendershebag79031@gmail.com,virendershebag79031@gmail.com
TAN,YUE,2000/04/03,1340085,東京都江戸川区南葛西,2-7-1,201室CFNG,8108058443177,justrintrodoplay79921@gmail.com,justrintrodoplay79921@gmail.com
TAN,YUE,2000/04/03,1340085,東京都江戸川区南葛西,2-7-1,201室OQIC,8108027266253,kartinakaifact68921@gmail.com,kartinakaifact68921@gmail.com
TAN,YUE,2000/04/03,1340085,東京都江戸川区南葛西,2-7-1,201室FMDJ,8108090589897,ladithmalinga727519@gmail.com,ladithmalinga727519@gmail.com
TAN,YUE,2000/04/03,1340085,東京都江戸川区南葛西,2-7-1,201室HXBE,8108026878897,karishmakapor79021iqjwj@gmail.com,karishmakapor79021iqjwj@gmail.com
TAN,YUE,2000/04/03,1340085,東京都江戸川区南葛西,2-7-1,201室NVFW,8108075693276,shardulathakur68921@gmail.com,shardulathakur68921@gmail.com
TAN,YUE,2000/04/03,1340085,東京都江戸川区南葛西,2-7-1,201室CDDR,8108033332213,nelsonsmendela79021@gmail.com,nelsonsmendela79021@gmail.com
TAN,YUE,2000/04/03,1340085,東京都江戸川区南葛西,2-7-1,201室SFPO,8108055127997,akhiladhanjyasri78932@gmail.com,akhiladhanjyasri78932@gmail.com
TAN,YUE,2000/04/03,1340085,東京都江戸川区南葛西,2-7-1,201室NUHP,8108021204755,taigershorpactor68921@gmail.com,taigershorpactor68921@gmail.com
TAN,YUE,2000/04/03,1340085,東京都江戸川区南葛西,2-7-1,201室FJBZ,8108059624894,quintoondecokk27519@gmail.com,quintoondecokk27519@gmail.com
TAN,YUE,2000/04/03,1340085,東京都江戸川区南葛西,2-7-1,201室OJNG,8108072242678,EleanorScherrer19614@gmail.com,EleanorScherrer19614@gmail.com
TAN,YUE,2000/04/03,1340085,東京都江戸川区南葛西,2-7-1,201室VTBG,8108046308466,virendershebag79031@gmail.com,virendershebag79031@gmail.com
TAN,YUE,2000/04/03,1340085,東京都江戸川区南葛西,2-7-1,201室CFNG,8108058443177,justrintrodoplay79921@gmail.com,justrintrodoplay79921@gmail.com
TAN,YUE,2000/04/03,1340085,東京都江戸川区南葛西,2-7-1,201室OQIC,8108027266253,kartinakaifact68921@gmail.com,kartinakaifact68921@gmail.com
TAN,YUE,2000/04/03,1340085,東京都江戸川区南葛西,2-7-1,201室FMDJ,8108090589897,ladithmalinga727519@gmail.com,ladithmalinga727519@gmail.com
TAN,YUE,2000/04/03,1340085,東京都江戸川区南葛西,2-7-1,201室HXBE,8108026878897,karishmakapor79021iqjwj@gmail.com,karishmakapor79021iqjwj@gmail.com
TAN,YUE,2000/04/03,1340085,東京都江戸川区南葛西,2-7-1,201室NVFW,8108075693276,shardulathakur68921@gmail.com,shardulathakur68921@gmail.com
TAN,YUE,2000/04/03,1340085,東京都江戸川区南葛西,2-7-1,201室CDDR,8108033332213,nelsonsmendela79021@gmail.com,nelsonsmendela79021@gmail.com
TAN,YUE,2000/04/03,1340085,東京都江戸川区南葛西,2-7-1,201室SFPO,8108055127997,akhiladhanjyasri78932@gmail.com,akhiladhanjyasri78932@gmail.com
TAN,YUE,2000/04/03,1340085,東京都江戸川区南葛西,2-7-1,201室NUHP,8108021204755,taigershorpactor68921@gmail.com,taigershorpactor68921@gmail.com
TAN,YUE,2000/04/03,1340085,東京都江戸川区南葛西,2-7-1,201室FJBZ,8108059624894,quintoondecokk27519@gmail.com,quintoondecokk27519@gmail.com
TAN,YUE,2000/04/03,1340085,東京都江戸川区南葛西,2-7-1,201室OJNG,8108072242678,EleanorScherrer19614@gmail.com,EleanorScherrer19614@gmail.com
TAN,YUE,2000/04/03,1340085,東京都江戸川区南葛西,2-7-1,201室VTBG,8108046308466,virendershebag79031@gmail.com,virendershebag79031@gmail.com
TAN,YUE,2000/04/03,1340085,東京都江戸川区南葛西,2-7-1,201室CFNG,8108058443177,justrintrodoplay79921@gmail.com,justrintrodoplay79921@gmail.com
TAN,YUE,2000/04/03,1340085,東京都江戸川区南葛西,2-7-1,201室OQIC,8108027266253,kartinakaifact68921@gmail.com,kartinakaifact68921@gmail.com
TAN,YUE,2000/04/03,1340085,東京都江戸川区南葛西,2-7-1,201室FMDJ,8108090589897,ladithmalinga727519@gmail.com,ladithmalinga727519@gmail.com
TAN,YUE,2000/04/03,1340085,東京都江戸川区南葛西,2-7-1,201室HXBE,8108026878897,karishmakapor79021iqjwj@gmail.com,karishmakapor79021iqjwj@gmail.com
TAN,YUE,2000/04/03,1340085,東京都江戸川区南葛西,2-7-1,201室NVFW,8108075693276,shardulathakur68921@gmail.com,shardulathakur68921@gmail.com
TAN,YUE,2000/04/03,1340085,東京都江戸川区南葛西,2-7-1,201室CDDR,8108033332213,nelsonsmendela79021@gmail.com,nelsonsmendela79021@gmail.com
TAN,YUE,2000/04/03,1340085,東京都江戸川区南葛西,2-7-1,201室SFPO,8108055127997,akhiladhanjyasri78932@gmail.com,akhiladhanjyasri78932@gmail.com
TAN,YUE,2000/04/03,1340085,東京都江戸川区南葛西,2-7-1,201室NUHP,8108021204755,taigershorpactor68921@gmail.com,taigershorpactor68921@gmail.com
TAN,YUE,2000/04/03,1340085,東京都江戸川区南葛西,2-7-1,201室FJBZ,8108059624894,quintoondecokk27519@gmail.com,quintoondecokk27519@gmail.com
TAN,YUE,2000/04/03,1340085,東京都江戸川区南葛西,2-7-1,201室OJNG,8108072242678,EleanorScherrer19614@gmail.com,EleanorScherrer19614@gmail.com
TAN,YUE,2000/04/03,1340085,東京都江戸川区南葛西,2-7-1,201室VTBG,8108046308466,virendershebag79031@gmail.com,virendershebag79031@gmail.com
TAN,YUE,2000/04/03,1340085,東京都江戸川区南葛西,2-7-1,201室CFNG,8108058443177,justrintrodoplay79921@gmail.com,justrintrodoplay79921@gmail.com
TAN,YUE,2000/04/03,1340085,東京都江戸川区南葛西,2-7-1,201室OQIC,8108027266253,kartinakaifact68921@gmail.com,kartinakaifact68921@gmail.com
TAN,YUE,2000/04/03,1340085,東京都江戸川区南葛西,2-7-1,201室FMDJ,8108090589897,ladithmalinga727519@gmail.com,ladithmalinga727519@gmail.com
TAN,YUE,2000/04/03,1340085,東京都江戸川区南葛西,2-7-1,201室HXBE,8108026878897,karishmakapor79021iqjwj@gmail.com,karishmakapor79021iqjwj@gmail.com
TAN,YUE,2000/04/03,1340085,東京都江戸川区南葛西,2-7-1,201室NVFW,8108075693276,shardulathakur68921@gmail.com,shardulathakur68921@gmail.com
TAN,YUE,2000/04/03,1340085,東京都江戸川区南葛西,2-7-1,201室CDDR,8108033332213,nelsonsmendela79021@gmail.com,nelsonsmendela79021@gmail.com
TAN,YUE,2000/04/03,1340085,東京都江戸川区南葛西,2-7-1,201室SFPO,8108055127997,akhiladhanjyasri78932@gmail.com,akhiladhanjyasri78932@gmail.com
TAN,YUE,2000/04/03,1340085,東京都江戸川区南葛西,2-7-1,201室NUHP,8108021204755,taigershorpactor68921@gmail.com,taigershorpactor68921@gmail.com
TAN,YUE,2000/04/03,1340085,東京都江戸川区南葛西,2-7-1,201室FJBZ,8108059624894,quintoondecokk27519@gmail.com,quintoondecokk27519@gmail.com
TAN,YUE,2000/04/03,1340085,東京都江戸川区南葛西,2-7-1,201室OJNG,8108072242678,EleanorScherrer19614@gmail.com,EleanorScherrer19614@gmail.com
TAN,YUE,2000/04/03,1340085,東京都江戸川区南葛西,2-7-1,201室VTBG,8108046308466,virendershebag79031@gmail.com,virendershebag79031@gmail.com
TAN,YUE,2000/04/03,1340085,東京都江戸川区南葛西,2-7-1,201室CFNG,8108058443177,justrintrodoplay79921@gmail.com,justrintrodoplay79921@gmail.com
TAN,YUE,2000/04/03,1340085,東京都江戸川区南葛西,2-7-1,201室OQIC,8108027266253,kartinakaifact68921@gmail.com,kartinakaifact68921@gmail.com
TAN,YUE,2000/04/03,1340085,東京都江戸川区南葛西,2-7-1,201室FMDJ,8108090589897,ladithmalinga727519@gmail.com,ladithmalinga727519@gmail.com
TAN,YUE,2000/04/03,1340085,東京都江戸川区南葛西,2-7-1,201室HXBE,8108026878897,karishmakapor79021iqjwj@gmail.com,karishmakapor79021iqjwj@gmail.com
TAN,YUE,2000/04/03,1340085,東京都江戸川区南葛西,2-7-1,201室NVFW,8108075693276,shardulathakur68921@gmail.com,shardulathakur68921@gmail.com
TAN,YUE,2000/04/03,1340085,東京都江戸川区南葛西,2-7-1,201室CDDR,8108033332213,nelsonsmendela79021@gmail.com,nelsonsmendela79021@gmail.com
TAN,YUE,2000/04/03,1340085,東京都江戸川区南葛西,2-7-1,201室SFPO,8108055127997,akhiladhanjyasri78932@gmail.com,akhiladhanjyasri78932@gmail.com
TAN,YUE,2000/04/03,1340085,東京都江戸川区南葛西,2-7-1,201室NUHP,8108021204755,taigershorpactor68921@gmail.com,taigershorpactor68921@gmail.com
TAN,YUE,2000/04/03,1340085,東京都江戸川区南葛西,2-7-1,201室FJBZ,8108059624894,quintoondecokk27519@gmail.com,quintoondecokk27519@gmail.com
TAN,YUE,2000/04/03,1340085,東京都江戸川区南葛西,2-7-1,201室OJNG,8108072242678,EleanorScherrer19614@gmail.com,EleanorScherrer19614@gmail.com
TAN,YUE,2000/04/03,1340085,東京都江戸川区南葛西,2-7-1,201室VTBG,8108046308466,virendershebag79031@gmail.com,virendershebag79031@gmail.com
TAN,YUE,2000/04/03,1340085,東京都江戸川区南葛西,2-7-1,201室CFNG,8108058443177,justrintrodoplay79921@gmail.com,justrintrodoplay79921@gmail.com
TAN,YUE,2000/04/03,1340085,東京都江戸川区南葛西,2-7-1,201室OQIC,8108027266253,kartinakaifact68921@gmail.com,kartinakaifact68921@gmail.com
TAN,YUE,2000/04/03,1340085,東京都江戸川区南葛西,2-7-1,201室FMDJ,8108090589897,ladithmalinga727519@gmail.com,ladithmalinga727519@gmail.com
TAN,YUE,2000/04/03,1340085,東京都江戸川区南葛西,2-7-1,201室HXBE,8108026878897,karishmakapor79021iqjwj@gmail.com,karishmakapor79021iqjwj@gmail.com
TAN,YUE,2000/04/03,1340085,東京都江戸川区南葛西,2-7-1,201室NVFW,8108075693276,shardulathakur68921@gmail.com,shardulathakur68921@gmail.com
TAN,YUE,2000/04/03,1340085,東京都江戸川区南葛西,2-7-1,201室CDDR,8108033332213,nelsonsmendela79021@gmail.com,nelsonsmendela79021@gmail.com
TAN,YUE,2000/04/03,1340085,東京都江戸川区南葛西,2-7-1,201室SFPO,8108055127997,akhiladhanjyasri78932@gmail.com,akhiladhanjyasri78932@gmail.com
TAN,YUE,2000/04/03,1340085,東京都江戸川区南葛西,2-7-1,201室NUHP,8108021204755,taigershorpactor68921@gmail.com,taigershorpactor68921@gmail.com
TAN,YUE,2000/04/03,1340085,東京都江戸川区南葛西,2-7-1,201室FJBZ,8108059624894,quintoondecokk27519@gmail.com,quintoondecokk27519@gmail.com
TAN,YUE,2000/04/03,1340085,東京都江戸川区南葛西,2-7-1,201室OJNG,8108072242678,EleanorScherrer19614@gmail.com,EleanorScherrer19614@gmail.com
TAN,YUE,2000/04/03,1340085,東京都江戸川区南葛西,2-7-1,201室VTBG,8108046308466,virendershebag79031@gmail.com,virendershebag79031@gmail.com
TAN,YUE,2000/04/03,1340085,東京都江戸川区南葛西,2-7-1,201室CFNG,8108058443177,justrintrodoplay79921@gmail.com,justrintrodoplay79921@gmail.com
TAN,YUE,2000/04/03,1340085,東京都江戸川区南葛西,2-7-1,201室OQIC,8108027266253,kartinakaifact68921@gmail.com,kartinakaifact68921@gmail.com
TAN,YUE,2000/04/03,1340085,東京都江戸川区南葛西,2-7-1,201室FMDJ,8108090589897,ladithmalinga727519@gmail.com,ladithmalinga727519@gmail.com
TAN,YUE,2000/04/03,1340085,東京都江戸川区南葛西,2-7-1,201室HXBE,8108026878897,karishmakapor79021iqjwj@gmail.com,karishmakapor79021iqjwj@gmail.com
TAN,YUE,2000/04/03,1340085,東京都江戸川区南葛西,2-7-1,201室NVFW,8108075693276,shardulathakur68921@gmail.com,shardulathakur68921@gmail.com
TAN,YUE,2000/04/03,1340085,東京都江戸川区南葛西,2-7-1,201室CDDR,8108033332213,nelsonsmendela79021@gmail.com,nelsonsmendela79021@gmail.com
TAN,YUE,2000/04/03,1340085,東京都江戸川区南葛西,2-7-1,201室SFPO,8108055127997,akhiladhanjyasri78932@gmail.com,akhiladhanjyasri78932@gmail.com
TAN,YUE,2000/04/03,1340085,東京都江戸川区南葛西,2-7-1,201室NUHP,8108021204755,taigershorpactor68921@gmail.com,taigershorpactor68921@gmail.com
TAN,YUE,2000/04/03,1340085,東京都江戸川区南葛西,2-7-1,201室FJBZ,8108059624894,quintoondecokk27519@gmail.com,quintoondecokk27519@gmail.com
TAN,YUE,2000/04/03,1340085,東京都江戸川区南葛西,2-7-1,201室OJNG,8108072242678,EleanorScherrer19614@gmail.com,EleanorScherrer19614@gmail.com
TAN,YUE,2000/04/03,1340085,東京都江戸川区南葛西,2-7-1,201室VTBG,8108046308466,virendershebag79031@gmail.com,virendershebag79031@gmail.com
TAN,YUE,2000/04/03,1340085,東京都江戸川区南葛西,2-7-1,201室CFNG,8108058443177,justrintrodoplay79921@gmail.com,justrintrodoplay79921@gmail.com
TAN,YUE,2000/04/03,1340085,東京都江戸川区南葛西,2-7-1,201室OQIC,8108027266253,kartinakaifact68921@gmail.com,kartinakaifact68921@gmail.com
TAN,YUE,2000/04/03,1340085,東京都江戸川区南葛西,2-7-1,201室FMDJ,8108090589897,ladithmalinga727519@gmail.com,ladithmalinga727519@gmail.com
TAN,YUE,2000/04/03,1340085,東京都江戸川区南葛西,2-7-1,201室HXBE,8108026878897,karishmakapor79021iqjwj@gmail.com,karishmakapor79021iqjwj@gmail.com
TAN,YUE,2000/04/03,1340085,東京都江戸川区南葛西,2-7-1,201室NVFW,8108075693276,shardulathakur68921@gmail.com,shardulathakur68921@gmail.com
TAN,YUE,2000/04/03,1340085,東京都江戸川区南葛西,2-7-1,201室CDDR,8108033332213,nelsonsmendela79021@gmail.com,nelsonsmendela79021@gmail.com
TAN,YUE,2000/04/03,1340085,東京都江戸川区南葛西,2-7-1,201室SFPO,8108055127997,akhiladhanjyasri78932@gmail.com,akhiladhanjyasri78932@gmail.com
TAN,YUE,2000/04/03,1340085,東京都江戸川区南葛西,2-7-1,201室NUHP,8108021204755,taigershorpactor68921@gmail.com,taigershorpactor68921@gmail.com
TAN,YUE,2000/04/03,1340085,東京都江戸川区南葛西,2-7-1,201室FJBZ,8108059624894,quintoondecokk27519@gmail.com,quintoondecokk27519@gmail.com
TAN,YUE,2000/04/03,1340085,東京都江戸川区南葛西,2-7-1,201室OJNG,8108072242678,EleanorScherrer19614@gmail.com,EleanorScherrer19614@gmail.com

